exercise_name,matched_video_title,video_url,confidence,needs_review
feet elevated yoga push up,Elevated Yoga Push Up,https://www.youtube.com/watch?v=qBnftxCj6c8,0.80,TRUE
speed bench press,DB Bench Press,https://www.youtube.com/watch?v=vtU7w_hyMa4,0.56,TRUE
Cable tricep extensions,DB Tricep Extensions,https://www.youtube.com/watch?v=3yBziKffkUI,0.61,TRUE
reverse hypers,Reverse Hyper,https://www.youtube.com/watch?v=jDvpy4D_32M,0.57,TRUE
DB loaded reverse lunge,DB Reverse Lunge,https://www.youtube.com/watch?v=WpPDPqCSZoI,0.75,TRUE
ENG hip External Rotations,ENG Hip External Rotations,https://www.youtube.com/watch?v=27NZ79rNFco,1.00,false
walking lunge,Lateral Lunge,https://www.youtube.com/watch?v=w6C-U9OrCrQ,0.42,TRUE
speed ssb box squat,SSB Box Squat,https://www.youtube.com/watch?v=efgDoPBsTtg,0.80,TRUE
prone frc swimmer,,,0.00,TRUE
Speed sumo deadlift,Sumo Deadlift,https://www.youtube.com/watch?v=3t1-PmGjfNQ,0.67,TRUE
seated high cable pull,High Cable Pull,https://www.youtube.com/watch?v=3694cgLt5aI,0.72,TRUE
sa db row from bench,SA DB Row,https://www.youtube.com/watch?v=NUSVbpODY3k,0.67,TRUE
prone banded hamstring curls,Prone Banded Hamstring Curl,https://www.youtube.com/watch?v=Wxduvzpm_wA,0.75,TRUE
standing hammer curls,DB Hammer Curls,https://www.youtube.com/watch?v=ESj6wvb-qyk,0.55,TRUE
DB loaded reverse lunges,DB Reverse Lunge,https://www.youtube.com/watch?v=WpPDPqCSZoI,0.53,TRUE
multi grip bench press,Multi Grip Bench Press,https://www.youtube.com/watch?v=l_Riw2NovEk,1.00,false
DB Side Bend,DB Side Bend,https://www.youtube.com/watch?v=zeYcJfyHcII,1.00,false
front foot elevated db split squat,Front Foot Elevated Split Squat Hold,https://www.youtube.com/watch?v=NsbGSLJKpTQ,0.69,TRUE
T-spine windmill w/foam roller,Windmill Stretch with Foam Roller,https://www.youtube.com/watch?v=wUc-V64oSnE,0.46,TRUE
Seated broad jump,Seated Broad Jump,https://www.youtube.com/watch?v=dW3nVjzozkg,1.00,false
Quadruped Shoulder Cars,Quadruped Shoulder CARS,https://www.youtube.com/watch?v=g18n6Hmp7YY,1.00,false
t spine mobs from bench,T Spine Flexion Extension From Bench,https://www.youtube.com/watch?v=k2TTn5h6ORM,0.58,TRUE
lateral lunge with plate raise,Lateral Lunge with Plate Push,https://www.youtube.com/watch?v=ql18x-ECXRs,0.70,TRUE
TRX Ys,TRX Bridges,https://www.youtube.com/watch?v=TzoOmNDtngk,0.68,TRUE
Body Saws,,,0.00,TRUE
loaded shoulder cars,Quadruped Shoulder CARS,https://www.youtube.com/watch?v=g18n6Hmp7YY,0.76,TRUE
1 arm t prone trap raise,,,0.00,TRUE
ENG hip External Rotation,ENG Hip External Rotations,https://www.youtube.com/watch?v=27NZ79rNFco,0.75,TRUE
banded oh press,Banded OH Shoulder Press,https://www.youtube.com/watch?v=0zc-IfZUy74,0.73,TRUE
body saw,,,0.00,TRUE
shoulder extension holds,Shoulder Touches,https://www.youtube.com/watch?v=VPEt_3OrTPo,0.37,TRUE
bb seal row,BB Seal Row,https://www.youtube.com/watch?v=12y8LwIpGoo,1.00,false
Seated Hip IR's w/foam roller,,,0.00,TRUE
Shoulder Car,Prone Shoulder CARS,https://www.youtube.com/watch?v=PSBuRCxqmrc,0.83,TRUE
no hands leg raises,Leg Raises,https://www.youtube.com/watch?v=JqSZtj44_R0,0.51,TRUE
loaded v ups,,,0.00,TRUE
Shoulder ER Pails/Rails,Pails/Rails,https://www.youtube.com/watch?v=ryKSc3QFXJo,0.49,TRUE
bw lateral lunge,Lateral Lunge,https://www.youtube.com/watch?v=w6C-U9OrCrQ,0.62,TRUE
kneeling t spine rotations,Banded T-Spine Rotations,https://www.youtube.com/watch?v=47-uA7_O9F8,0.65,TRUE
Seated SA Cable Row w/Rotation,SA Cable Rows,https://www.youtube.com/watch?v=vvU0YrO7hXM,0.44,TRUE
chin up,Chin Up,https://www.youtube.com/watch?v=PiUUPq3mRvQ,1.00,false
low incline db press,Incline DB Bench Press,https://www.youtube.com/watch?v=AOktha2jCuw,0.62,TRUE
inch worm,Inch Worms,https://www.youtube.com/watch?v=ktQHi5Uwt90,0.56,TRUE
Prone Hip Cars,Prone Shoulder CARS,https://www.youtube.com/watch?v=PSBuRCxqmrc,0.74,TRUE
sa lat db row,SA DB Row,https://www.youtube.com/watch?v=NUSVbpODY3k,0.82,TRUE
Kneeling T-spine Rotations,Banded T-Spine Rotations,https://www.youtube.com/watch?v=47-uA7_O9F8,0.65,TRUE
prone OH shoulder press,Banded OH Shoulder Press,https://www.youtube.com/watch?v=0zc-IfZUy74,0.69,TRUE
Thoracic Bridge,,,0.00,TRUE
SA Cable Tricep Extensions,SA Cable Tricep Pushdown,https://www.youtube.com/watch?v=Yu5oL17nb4s,0.69,TRUE
baseball sprint,,,0.00,TRUE
BB Bench Press,DB Bench Press,https://www.youtube.com/watch?v=vtU7w_hyMa4,0.62,TRUE
sl adductor dips,Single Leg Hops,https://www.youtube.com/watch?v=afPTCjMfbbI,0.47,TRUE
SL hip flexion w KB,Kneeling SL Hip ER / IR Hovers With KB,https://www.youtube.com/watch?v=rv_dPZw-7uw,0.47,TRUE
FRC swimmers,,,0.00,TRUE
Speed Sumo Deadlift (Barbell),Sumo Deadlift,https://www.youtube.com/watch?v=3t1-PmGjfNQ,0.49,TRUE
SL Hamstring Curl Machine,SL Hamstring Curl,https://www.youtube.com/watch?v=RTzXIh9FGeU,0.78,TRUE
ssb back squat,SSB Box Squat,https://www.youtube.com/watch?v=efgDoPBsTtg,0.72,TRUE
ssb box squat,SSB Box Squat,https://www.youtube.com/watch?v=efgDoPBsTtg,1.00,false
t spine extension from bench,T Spine Flexion Extension From Bench,https://www.youtube.com/watch?v=k2TTn5h6ORM,0.81,TRUE
DB Rfess,DB Curl,https://www.youtube.com/watch?v=Q2qR-dXx2r8,0.46,TRUE
Seated OH DB press,Seated OH DB Press With Turn,https://www.youtube.com/watch?v=B5DH6_5O8ik,0.82,TRUE
Seated Hip IR's with ankle weight,,,0.00,TRUE
low cable upright row,Low Cable Pull,https://www.youtube.com/watch?v=lvD3ebJr5m0,0.45,TRUE
sl lateral squat,Single Leg Lateral Squat,https://www.youtube.com/watch?v=pErj1JybRXk,1.00,false
SL Box Jumps,Single Leg Lateral Box Jumps,https://www.youtube.com/watch?v=rFsQR2zVbKI,0.77,TRUE
conventional db rdls,Conventional Deadlift,https://www.youtube.com/watch?v=ROw61NrL-YI,0.38,TRUE
bike,Bike,https://www.youtube.com/watch?v=pZdGXKCcWTA,1.00,false
sl mb hip lift w/knee flexion,SL Weighted Knee Tuck,https://www.youtube.com/watch?v=FM9JbYP4zKw,0.39,TRUE
hip er flexion PRH's,,,0.00,TRUE
SL box jump,Single Leg Box Jump,https://www.youtube.com/watch?v=B_18GKuVs0k,1.00,false
Backwards Walk Juggle,Backwards Sled Walk,https://www.youtube.com/watch?v=HEzFW71WcOI,0.53,TRUE
half kneeling sa high cable row,Chest Supported High Cable SA Row,https://www.youtube.com/watch?v=I3Ew1IThyV0,0.45,TRUE
half kneeling open t spine rotations,Banded T-Spine Rotations,https://www.youtube.com/watch?v=47-uA7_O9F8,0.49,TRUE
Seated Low Cable Pulls,Low Cable Pull,https://www.youtube.com/watch?v=lvD3ebJr5m0,0.49,TRUE
waiter walk,KB Waiter Walk Sled Walk,https://www.youtube.com/watch?v=Fn4yfjiX1CU,0.44,TRUE
Front foot elevated POGO hops,Front Foot Elevated Split Squat Hold,https://www.youtube.com/watch?v=NsbGSLJKpTQ,0.49,TRUE
seated box jump,Seated Broad Jump,https://www.youtube.com/watch?v=dW3nVjzozkg,0.63,TRUE
loaded box jump,45% Box Jump,https://www.youtube.com/watch?v=EVaKeSztA6A,0.54,TRUE
standing hip cars,Standing Hip CAR,https://www.youtube.com/watch?v=J-6TMrUwgYc,1.00,false
sumo deadlift,Sumo Deadlift,https://www.youtube.com/watch?v=3t1-PmGjfNQ,1.00,false
3 way ab wheel,Ab Wheel,https://www.youtube.com/watch?v=OrZDosQVS9E,0.53,TRUE
unilateral db farmers walk,SA DB Farmer Walk,https://www.youtube.com/watch?v=5w5wtmu4Zq8,0.46,TRUE
DB RFESS ipsilateral load,,,0.00,TRUE
SL Lateral Squat from box,Single Leg Lateral Squat,https://www.youtube.com/watch?v=pErj1JybRXk,0.69,TRUE
SA DB Bench Press,SA DB Bench Press,https://www.youtube.com/watch?v=hHs_qMPfkaU,1.00,false
controlled bear crawl,Bear Crawl,https://www.youtube.com/watch?v=CwGwvHjnDiI,0.59,TRUE
open landmine press,SA Landmine Pull To Press,https://www.youtube.com/watch?v=hpVza5QMyZU,0.41,TRUE
SA DB Rfess,SA DB Row,https://www.youtube.com/watch?v=NUSVbpODY3k,0.70,TRUE
Walking Leg Swings,Walking Leg Swings,https://www.youtube.com/watch?v=YjABGCVJ3xs,1.00,false
Repetitive broad jump,Repetitive Broad Jump,https://www.youtube.com/watch?v=4-2qfRsdrOg,1.00,false
sled sprints,Sled Sprints,https://www.youtube.com/watch?v=13msPgWZ0r8,1.00,false
Seated Alternating Hammer Curl,Seated DB Hammer Curls,https://www.youtube.com/watch?v=g1MPGaVoiU4,0.44,TRUE
half kneeling high cable chops,,,0.00,TRUE
sa db oh press variation,SA DB Bench Press,https://www.youtube.com/watch?v=hHs_qMPfkaU,0.59,TRUE
Deep stretch TRX Push Ups,TRX Push Up,https://www.youtube.com/watch?v=LC1ft-_JmeY,0.57,TRUE
Seated Hip IR's,Seated Hip Internal Rotations,https://www.youtube.com/watch?v=xTedoyAxOps,0.41,TRUE
sl mb hip lift w/knee flexions,Single Leg Hip Swings,https://www.youtube.com/watch?v=OGGR4LV3UNs,0.39,TRUE
"feet elevated yoga push up from 12-18""",Elevated Yoga Push Up,https://www.youtube.com/watch?v=qBnftxCj6c8,0.53,TRUE
dynamic rebounds in place,Rebounds In Place,https://www.youtube.com/watch?v=-_urMsYUUxc,0.72,TRUE
hanging straight leg raise with mbs,Hanging Straight Leg Raises,https://www.youtube.com/watch?v=Za1DUWepySM,0.66,TRUE
Seated Belt Squats,KB Squats,https://www.youtube.com/watch?v=UanKNRvFoJY,0.42,TRUE
BB Bent Over Row Overhand Grip,Bent Over DB Row,https://www.youtube.com/watch?v=C74h20RRuaw,0.41,TRUE
Loaded Shoulder Axial Rotations,,,0.00,TRUE
cable shoulder rotations,Cable Shoulder Rolls,https://www.youtube.com/watch?v=4AKe2Xz3Ji0,0.60,TRUE
Plank plate switches,Plank Slides,https://www.youtube.com/watch?v=mbr-zl-w31s,0.35,TRUE
alternating ab wheel,Ab Wheel,https://www.youtube.com/watch?v=OrZDosQVS9E,0.56,TRUE
Copenhagen plank,Copenhagen Plank,https://www.youtube.com/watch?v=dp8Lk15Wix0,1.00,false
sled pull with waist belt,OH Pull Sled Walks,https://www.youtube.com/watch?v=M0CHCdXBqeQ,0.35,TRUE
Loaded Walking Lunge,Lateral Lunge,https://www.youtube.com/watch?v=w6C-U9OrCrQ,0.37,TRUE
wall slide with lift off to swimmer,Y Wall Slides To Lift Off,https://www.youtube.com/watch?v=62kr6q5WACU,0.49,TRUE
mb loaded box jump,45% Box Jump,https://www.youtube.com/watch?v=EVaKeSztA6A,0.44,TRUE
banded pec fly,Banded Pec Flys,https://www.youtube.com/watch?v=hZdVesAuHHs,0.67,TRUE
banded prone lateral walks,Banded Lateral Plank Walk,https://www.youtube.com/watch?v=Dgi-R7DuG9Q,0.40,TRUE
split stance landmine press,Split Stance Jumps,https://www.youtube.com/watch?v=2kZMtdOR0NQ,0.48,TRUE
Spinal extension lift offs,Bench Lift Offs,https://www.youtube.com/watch?v=iSagGNsCQMs,0.42,TRUE
Kneeling t spine rotation with scapula wing rotation,Medicine Ball T-Spine CAR,https://www.youtube.com/watch?v=4Wcnoahu79g,0.35,TRUE
supine cable bicep curls,Cable Bicep Curl,https://www.youtube.com/watch?v=WmaxT1BUfJg,0.51,TRUE
DB Loaded Broad Jump,DB Broad Jump,https://www.youtube.com/watch?v=tHkkzoZFd38,0.74,TRUE
meditate,,,0.00,TRUE
banded elbow flys,Banded Pec Flys,https://www.youtube.com/watch?v=hZdVesAuHHs,0.58,TRUE
Half-kneeling open t-spine rotations,Banded T-Spine Rotations,https://www.youtube.com/watch?v=47-uA7_O9F8,0.49,TRUE
sa low cable bicep curls,SA Cable Rows,https://www.youtube.com/watch?v=vvU0YrO7hXM,0.48,TRUE
Speed BB bench press,DB Bench Press,https://www.youtube.com/watch?v=vtU7w_hyMa4,0.51,TRUE
Speed Trap Bar Deadlift,Trap Bar Deadlift,https://www.youtube.com/watch?v=vadl7QJ7FJM,0.75,TRUE
mb loaded spinal CARs standings,Standing Spine CAR,https://www.youtube.com/watch?v=KdULSg8iS8s,0.45,TRUE
Loaded Prep Step Box jumps,DB Step Into Box Jumps,https://www.youtube.com/watch?v=USUCiMuUPtQ,0.47,TRUE
MB loaded spine CARS (Standing),Standing Spine CAR,https://www.youtube.com/watch?v=KdULSg8iS8s,0.70,TRUE
OH Sled walk,Sled Walk,https://www.youtube.com/watch?v=21Jy4mXJVc0,0.60,TRUE
Chest supported T's,,,0.00,TRUE
speed conventional deadlift,Conventional Deadlift,https://www.youtube.com/watch?v=ROw61NrL-YI,0.71,TRUE
off set kb oh walks,Off Set KB Walks,https://www.youtube.com/watch?v=J0jb03wk9rw,0.77,TRUE
speed conventional deadlifts,Conventional Deadlift,https://www.youtube.com/watch?v=ROw61NrL-YI,0.45,TRUE
Speed Multi Grip Bench Press,Multi Grip Bench Press,https://www.youtube.com/watch?v=l_Riw2NovEk,0.79,TRUE
cable quadruped shoulder IR,Cable Machine Shoulder ER,https://www.youtube.com/watch?v=0GnWYYy44Vs,0.48,TRUE
prone shoulder flexion pails/rails,Pails/Rails,https://www.youtube.com/watch?v=ryKSc3QFXJo,0.37,TRUE
T-spine Extension from bench,T Spine Flexion Extension From Bench,https://www.youtube.com/watch?v=k2TTn5h6ORM,0.81,TRUE
split stance sa low cable row,SA Cable Rows,https://www.youtube.com/watch?v=vvU0YrO7hXM,0.43,TRUE
1 arm t prone trap raises,,,0.00,TRUE
Loaded V-ups,,,0.00,TRUE
BB Bent Over Row Overhand Grip with Iso Hold,Bent Over DB SA Iso Row,https://www.youtube.com/watch?v=gkh-zKIzRmo,0.36,TRUE
banded db press,Banded DB Bench Press,https://www.youtube.com/watch?v=6QF6GzI-_mc,0.76,TRUE
Low Cable Bicep Curl w Strap,Cable Bicep Curl,https://www.youtube.com/watch?v=WmaxT1BUfJg,0.53,TRUE
Band Assisted Shoulder ER,Cable Machine Shoulder ER,https://www.youtube.com/watch?v=0GnWYYy44Vs,0.44,TRUE
Sled Pull w/waist belt,,,0.00,TRUE
Hamstring Curl Machine,Nordic Hamstring Curl,https://www.youtube.com/watch?v=BEmD-Uhcz8c,0.43,TRUE
no hands leg raise,,,0.00,TRUE
SL Lateral Squat to low box's,Single Leg Lateral Squat,https://www.youtube.com/watch?v=pErj1JybRXk,0.63,TRUE
prone shoulder er pails/rails,Pails/Rails,https://www.youtube.com/watch?v=ryKSc3QFXJo,0.39,TRUE
mb pull over throws,,,0.00,TRUE
bb front squat,BB Squat,https://www.youtube.com/watch?v=jW1CPvulxhU,0.67,TRUE
falling start sprint,,,0.00,TRUE
bb box squat,BB Squat,https://www.youtube.com/watch?v=jW1CPvulxhU,0.71,TRUE
Bow Bar Box Squat,Bow Bar Box Squat,https://www.youtube.com/watch?v=vu-KJqB1kT8,1.00,false
mb close grip push ups,Medicine Ball Push Ups,https://www.youtube.com/watch?v=_MMiLU6R3xA,0.39,TRUE
Frogger Walks,,,0.00,TRUE
low incline cable tricep extensions,DB Tricep Extensions,https://www.youtube.com/watch?v=3yBziKffkUI,0.43,TRUE
seated hammer curl,Seated DB Hammer Curls,https://www.youtube.com/watch?v=g1MPGaVoiU4,0.50,TRUE
cable machine hamstring curl,Nordic Hamstring Curl,https://www.youtube.com/watch?v=BEmD-Uhcz8c,0.47,TRUE
anterior loaded lateral landmine lunge,Lateral Landmine Lunge,https://www.youtube.com/watch?v=I27AR3Xn6js,0.59,TRUE
loaded box jumps,Box Jumps,https://www.youtube.com/watch?v=bzZ3EgZHSJI,0.63,TRUE
seated high cable pulls,High Cable Pull,https://www.youtube.com/watch?v=3694cgLt5aI,0.50,TRUE
lateral power shuffle,,,0.00,TRUE
lateral pogo hops,Pogo Hops,https://www.youtube.com/watch?v=GRqsvbtTXSg,0.61,TRUE
half kneeling open t spine rotations with band,Banded T-Spine Rotations,https://www.youtube.com/watch?v=47-uA7_O9F8,0.43,TRUE
Seated Low Cable Pull,Low Cable Pull,https://www.youtube.com/watch?v=lvD3ebJr5m0,0.72,TRUE
banded overhand triceps,,,0.00,TRUE
anterior loaded alternating lateral landmine lunge,Lateral Landmine Lunge,https://www.youtube.com/watch?v=I27AR3Xn6js,0.48,TRUE
TRX ISO Holds,TRX Bridges,https://www.youtube.com/watch?v=TzoOmNDtngk,0.60,TRUE
TRX Tricep Extensions,TRX Bridges,https://www.youtube.com/watch?v=TzoOmNDtngk,0.57,TRUE
Standing ab wheel,Ab Wheel,https://www.youtube.com/watch?v=OrZDosQVS9E,0.59,TRUE
Shoulder IR Lift off,Y Wall Slides To Lift Off,https://www.youtube.com/watch?v=62kr6q5WACU,0.37,TRUE
Shoulder IR Lift offs,Bench Supported Shoulder Lift Offs,https://www.youtube.com/watch?v=56_03Vbuqoc,0.48,TRUE
hanging banded knee tuck,Hanging Knee Tucks,https://www.youtube.com/watch?v=HD0NyTJOMcw,0.51,TRUE
hanging L sit holds,L-Sit,https://www.youtube.com/watch?v=MUpd2nUjDog,0.41,TRUE
Spine Cars MB Loaded,Standing Spine CAR,https://www.youtube.com/watch?v=KdULSg8iS8s,0.57,TRUE
speed bench press w/ bow bar,Bow Bar Bench Press,https://www.youtube.com/watch?v=F55FhR_zTDk,0.55,TRUE
Depth Jump (low box to high box/explosive strength),,,0.00,TRUE
depth drop to broad jump,Seated Broad Jump,https://www.youtube.com/watch?v=dW3nVjzozkg,0.51,TRUE
DB Rfess's,DB I's,https://www.youtube.com/watch?v=jbT_JWOCZcI,0.57,TRUE
seated 90/90 hip switches hip External Rotation,Seated Hip Internal Rotations,https://www.youtube.com/watch?v=xTedoyAxOps,0.37,TRUE
Bent Over Tricep Kickbacks,Bent Over DB Row,https://www.youtube.com/watch?v=C74h20RRuaw,0.35,TRUE
sl glute bridge,SL Elevated Glute Bridges,https://www.youtube.com/watch?v=ei593QBtVvA,0.58,TRUE
Sumo Deadlifts,Sumo Deadlift,https://www.youtube.com/watch?v=3t1-PmGjfNQ,0.57,TRUE
juggle,,,0.00,TRUE
pogo hop switch backs,,,0.00,TRUE
Shoulder Axial Rotations,Side Lying ER IR Shoulder Rotations,https://www.youtube.com/watch?v=QYNlhXEI8l0,0.35,TRUE
Pogo Hop,Pogo Hops,https://www.youtube.com/watch?v=GRqsvbtTXSg,0.56,TRUE
cossack squats,Cossack Squat,https://www.youtube.com/watch?v=mN9nb-iwFvE,0.57,TRUE
Kneeling Hip Flexion Lift Offs,Kneeling Flexion Extensions,https://www.youtube.com/watch?v=sbw0ARgU2dA,0.43,TRUE
hanging banded knee tucks,Hanging Knee Tucks,https://www.youtube.com/watch?v=HD0NyTJOMcw,0.74,TRUE
sled walk w/mb,Sled Walk,https://www.youtube.com/watch?v=21Jy4mXJVc0,0.56,TRUE
SSB Front squat,SSB Box Squat,https://www.youtube.com/watch?v=efgDoPBsTtg,0.70,TRUE
speed barbell bench press,DB Bench Press,https://www.youtube.com/watch?v=vtU7w_hyMa4,0.51,TRUE
banded jumps,Banded RFESS,https://www.youtube.com/watch?v=GJG6L57rU2I,0.47,TRUE
open stance landmine press,Kneeling SA Landmine Press,https://www.youtube.com/watch?v=Ep5ex0vDVC0,0.41,TRUE
sumo goblet squat,Bow Bar Sumo Box Squat,https://www.youtube.com/watch?v=pfIILpjKhgc,0.36,TRUE
Half-kneeling landmine press,Kneeling SA Landmine Press,https://www.youtube.com/watch?v=Ep5ex0vDVC0,0.52,TRUE
speed bench press w/ bow bars,Bow Bar Bench Press,https://www.youtube.com/watch?v=F55FhR_zTDk,0.40,TRUE
Shoulder ER Pails/Rail,,,0.00,TRUE
Crossover Loaded Step Up,,,0.00,TRUE
Reactive MB Pullover Throws,,,0.00,TRUE
SSB split squat,SSB Box Squat,https://www.youtube.com/watch?v=efgDoPBsTtg,0.69,TRUE
penguins,,,0.00,TRUE
Hamstring Curl Machine's,Nordic Hamstring Curl,https://www.youtube.com/watch?v=BEmD-Uhcz8c,0.36,TRUE
trap bar jumps,Trap Bar Deadlift Jumps,https://www.youtube.com/watch?v=o2XoOfcuQWM,0.69,TRUE
Banded Hip IR w/benchs,,,0.00,TRUE
inverse curl,Leg Curl,https://www.youtube.com/watch?v=p6p9tn_z8xs,0.40,TRUE
quadruped sa shoulder car with t spine rotation,Quadruped Shoulder CARS,https://www.youtube.com/watch?v=g18n6Hmp7YY,0.59,TRUE
standing hip carss,Standing Hip CAR,https://www.youtube.com/watch?v=J-6TMrUwgYc,0.35,TRUE
Prone Shoulder IR Lift offs,Bench Supported Shoulder Lift Offs,https://www.youtube.com/watch?v=56_03Vbuqoc,0.48,TRUE
offset kb oh walk,SA KB Waiter Walk,https://www.youtube.com/watch?v=tTdSceeI3Y0,0.38,TRUE
sl landmine rdl,SL Landmine RDL,https://www.youtube.com/watch?v=ZGXs9mKTWyY,1.00,false
chest support sa cable back fly,Chest Supported High Cable SA Row,https://www.youtube.com/watch?v=I3Ew1IThyV0,0.44,TRUE
tall kneeling oh mb throws,Tall Kneeling MB Throw,https://www.youtube.com/watch?v=vmKoSZm2X4I,0.57,TRUE
sled pull with constant tricep extensions,DB Tricep Extensions,https://www.youtube.com/watch?v=3yBziKffkUI,0.42,TRUE
Half Kneeling SA Cable row,SA Cable Rows,https://www.youtube.com/watch?v=vvU0YrO7hXM,0.48,TRUE
half kneeling SA cable rows,SA Cable Rows,https://www.youtube.com/watch?v=vvU0YrO7hXM,0.64,TRUE
easy curl bar seal row,Kneeling Easy Curl Bar Rotations,https://www.youtube.com/watch?v=UvGrYZbuSpg,0.44,TRUE
anterior db loaded step ups,DB Step Ups,https://www.youtube.com/watch?v=KExxTPKs0v4,0.57,TRUE
landmine rotational clean to presses,,,0.00,TRUE
seated banded lat pulldowns,,,0.00,TRUE
seated belt squat,Belt Squat,https://www.youtube.com/watch?v=lB6uYvlRaVs,0.64,TRUE
1 arm Y prone trap raise,,,0.00,TRUE
Hanging Explosive Straight Leg Raise,Hanging Straight Leg Raises,https://www.youtube.com/watch?v=Za1DUWepySM,0.58,TRUE
Roll out glute & glute med,,,0.00,TRUE
Low Cable Bicep Curl,Cable Bicep Curl,https://www.youtube.com/watch?v=WmaxT1BUfJg,0.77,TRUE
Quadruped SA Shoulder CAR w/t-spine rotation,Quadruped Shoulder CARS,https://www.youtube.com/watch?v=g18n6Hmp7YY,0.55,TRUE
BW reverse lunge,DB Reverse Lunge,https://www.youtube.com/watch?v=WpPDPqCSZoI,0.55,TRUE
Banded core extensions,Banded RFESS,https://www.youtube.com/watch?v=GJG6L57rU2I,0.35,TRUE
trx push up with scapula rotation,TRX Push Up,https://www.youtube.com/watch?v=LC1ft-_JmeY,0.68,TRUE
cable Pallof press,,,0.00,TRUE
cable quadruped shoulder ER w/ Cable,Cable Machine Shoulder ER,https://www.youtube.com/watch?v=0GnWYYy44Vs,0.53,TRUE
Multi-Grip Bench Press,Multi Grip Bench Press,https://www.youtube.com/watch?v=l_Riw2NovEk,1.00,false
wall slide with lift off to swimmers,Y Wall Slides To Lift Off,https://www.youtube.com/watch?v=62kr6q5WACU,0.49,TRUE
Frc swimmer with wall liftoff,,,0.00,TRUE
banded pec flys,Banded Pec Flys,https://www.youtube.com/watch?v=hZdVesAuHHs,1.00,false
Pigeon stretch w/bench,,,0.00,TRUE
tibialis curl,Tibialis Curl,https://www.youtube.com/watch?v=L7Rg6nXSsxE,1.00,false
cable shoulder ER,Cable Machine Shoulder ER,https://www.youtube.com/watch?v=0GnWYYy44Vs,0.72,TRUE
cable bicep curls,Cable Bicep Curl,https://www.youtube.com/watch?v=WmaxT1BUfJg,0.68,TRUE
rapid fire scoop toss throw,Rapid Fire Plate Grips,https://www.youtube.com/watch?v=5AwWDfPwvUA,0.36,TRUE
sled pull between legs,,,0.00,TRUE
SL broad jump,Single Leg Box Jump,https://www.youtube.com/watch?v=B_18GKuVs0k,0.70,TRUE
russian twist,,,0.00,TRUE
anterior db loaded step up,DB Step Ups,https://www.youtube.com/watch?v=KExxTPKs0v4,0.39,TRUE
conventional deadlift,Conventional Deadlift,https://www.youtube.com/watch?v=ROw61NrL-YI,1.00,false
backwards walking lunge,,,0.00,TRUE
kb waiter walk,KB Waiter Walk Sled Walk,https://www.youtube.com/watch?v=Fn4yfjiX1CU,0.72,TRUE
chest supported db bicep curls,Bench Supported DB Curl,https://www.youtube.com/watch?v=FfDw7XzLwGc,0.44,TRUE
seated hammer curls,Seated DB Hammer Curls,https://www.youtube.com/watch?v=g1MPGaVoiU4,0.72,TRUE
Low Cable Bicep Curl w Straps,Cable Bicep Curl,https://www.youtube.com/watch?v=WmaxT1BUfJg,0.52,TRUE
Quadruped Hip IR PAILs/RAILs from Bench,Quadruped Stance SL Banded HIP IR With Bench,https://www.youtube.com/watch?v=miFkduI6NiU,0.41,TRUE
kb oh press variation,Standing DB OH Press With Turn,https://www.youtube.com/watch?v=Kwvazc2eHOU,0.36,TRUE
plyo push up in-between boxes,,,0.00,TRUE
Kneeling Push Up Drop,Kneeling Push Up Falls,https://www.youtube.com/watch?v=GVS2Lu94Zto,0.67,TRUE
lateral broad jump with hurdle,Seated Broad Jump,https://www.youtube.com/watch?v=dW3nVjzozkg,0.45,TRUE
Anterior loaded db reverse lunge,DB Reverse Lunge,https://www.youtube.com/watch?v=WpPDPqCSZoI,0.59,TRUE
lateral step w/ vert jump,Hurdle Jump to Vert Jumpt,https://www.youtube.com/watch?v=FBeABfFrMOE,0.37,TRUE
Y reverse sled walks,Y Sled Walk,https://www.youtube.com/watch?v=nlr1QS4K-cI,0.46,TRUE
loaded broad jumps,Seated Broad Jump,https://www.youtube.com/watch?v=dW3nVjzozkg,0.43,TRUE
Loaded V Up,,,0.00,TRUE
Loaded V-Up,,,0.00,TRUE
Loaded Vertical Jump,,,0.00,TRUE
lying med ball chest pass,Lying Med Ball Press,https://www.youtube.com/watch?v=2wFMMBNeeyY,0.59,TRUE
BB RDLS,Barbell Rows,https://www.youtube.com/watch?v=VruOUqnu-_I,0.53,TRUE
Sumo Banded Pull Through,Banded Sumo Pull Throughs,https://www.youtube.com/watch?v=NUJ_IR9SQt8,0.58,TRUE
anterior loaded ssb reverse lunge,SSB Reverse Lunge,https://www.youtube.com/watch?v=2lS_OJyOEqM,0.69,TRUE
Belt Squat Marches,Belt Squat Marches,https://www.youtube.com/watch?v=Tr-RfqI9qsk,1.00,false
approach box jumps,Approach Box Jumps,https://www.youtube.com/watch?v=3AMmvd0UOBM,1.00,false
bow bar bench press,Bow Bar Bench Press,https://www.youtube.com/watch?v=F55FhR_zTDk,1.00,false
wall assisted hand stand hold,,,0.00,TRUE
cardio,,,0.00,TRUE
Clap Pushups,Banded Clap Pushups,https://www.youtube.com/watch?v=T-5z33pJD68,0.65,TRUE
DB  tricep extensions w/bench,DB Tricep Extensions,https://www.youtube.com/watch?v=3yBziKffkUI,0.67,TRUE
db loaded box jumps,DB Step Into Box Jumps,https://www.youtube.com/watch?v=USUCiMuUPtQ,0.57,TRUE
treadmill (non motorized),,,0.00,TRUE
DB Loaded Vert Jump,DB Broad Jump,https://www.youtube.com/watch?v=tHkkzoZFd38,0.50,TRUE
Thoracic spine rotation end range liftoffs,,,0.00,TRUE
speed incline bench press,Incline DB Bench Press,https://www.youtube.com/watch?v=AOktha2jCuw,0.55,TRUE
db tricep extensions w/bench,DB Tricep Extensions,https://www.youtube.com/watch?v=3yBziKffkUI,0.67,TRUE
speed bb box squat,BB Squat,https://www.youtube.com/watch?v=jW1CPvulxhU,0.53,TRUE
SL Lateral Lunge from slider,KB SL Lateral Lunge With Slider,https://www.youtube.com/watch?v=1iFPgK98kPA,0.68,TRUE
SL Hip Abduction End Range Lift Offs,Single Leg Hip Swings,https://www.youtube.com/watch?v=OGGR4LV3UNs,0.37,TRUE
shoulder extension lift offs,Bench Supported Shoulder Lift Offs,https://www.youtube.com/watch?v=56_03Vbuqoc,0.46,TRUE
Seated Hip IR's with ankle weights,,,0.00,TRUE
seated db shoulder er/ir rotations,Seated DB Shoulder IR,https://www.youtube.com/watch?v=viYiTrVS41M,0.67,TRUE
T-spine Extension PAILs/RAILs,T Spine Flexion Extension From Bench,https://www.youtube.com/watch?v=k2TTn5h6ORM,0.42,TRUE
flutter kicks,Flutter Kicks,https://www.youtube.com/watch?v=ryqK90kIoLw,1.00,false
front foot elevated tempo bw split squats,Front Foot Elevated Split Squat Hold,https://www.youtube.com/watch?v=NsbGSLJKpTQ,0.49,TRUE
sa low cable bicep curl,Cable Bicep Curl,https://www.youtube.com/watch?v=WmaxT1BUfJg,0.51,TRUE
sa lat db rows,SA DB Row,https://www.youtube.com/watch?v=NUSVbpODY3k,0.63,TRUE
sa landmine row,SA DB Row,https://www.youtube.com/watch?v=NUSVbpODY3k,0.62,TRUE
banded oh press variation,Banded OH Shoulder Press,https://www.youtube.com/watch?v=0zc-IfZUy74,0.58,TRUE
half kneeling lateral leg end range lift offs,,,0.00,TRUE
Half Kneeling Lateral Leg PAILs/RAILs,,,0.00,TRUE
banded overhand tricep pulldown with PVC pipe,,,0.00,TRUE
90/90 IR Pails/Railss,90/90 ER IR Club Swings,https://www.youtube.com/watch?v=S3nMIUwltRc,0.38,TRUE
waiter walk sled walk,KB Waiter Walk Sled Walk,https://www.youtube.com/watch?v=Fn4yfjiX1CU,0.71,TRUE
reverse walking lunge,Reverse Lunge With Twist,https://www.youtube.com/watch?v=FI1VUh-ZHHw,0.51,TRUE
Hip ER: Flexion PRH,,,0.00,TRUE
TRX hamstring curls,TRX Bridges,https://www.youtube.com/watch?v=TzoOmNDtngk,0.58,TRUE
Plank Shoulder taps,Shoulder Taps,https://www.youtube.com/watch?v=kwXX1uAnwRw,0.67,TRUE
TRX push ups,TRX Push Up,https://www.youtube.com/watch?v=LC1ft-_JmeY,0.79,TRUE
Banded Front Raises,Banded RFESS,https://www.youtube.com/watch?v=GJG6L57rU2I,0.36,TRUE
Barbell RDL,Barbell RDL,https://www.youtube.com/watch?v=19BGKeWnBpk,1.00,false
floor db press,DB Press Outs,https://www.youtube.com/watch?v=nN4s53qn16U,0.48,TRUE
approach box jump,Approach Box Jumps,https://www.youtube.com/watch?v=3AMmvd0UOBM,0.68,TRUE
step up (plyos),,,0.00,TRUE
floor press,,,0.00,TRUE
sl banded kb rdl,Banded SL KB RDL,https://www.youtube.com/watch?v=qK58L7ft-lk,0.88,false
Walking Lunge backwards,,,0.00,TRUE
Feet Elevated TRX Row,TRX Inverted Elevated Row,https://www.youtube.com/watch?v=E8fZLrjaKfY,0.54,TRUE
Banded Plyo Push Ups,Banded Push Up,https://www.youtube.com/watch?v=EIi2Wf1Yqs4,0.52,TRUE
half kneeling bottoms up press,Kneeling Push Up Falls,https://www.youtube.com/watch?v=GVS2Lu94Zto,0.36,TRUE
sit ups,,,0.00,TRUE
BB RDL,Barbell RDL,https://www.youtube.com/watch?v=19BGKeWnBpk,1.00,false
BB reverse lunge,DB Reverse Lunge,https://www.youtube.com/watch?v=WpPDPqCSZoI,0.63,TRUE
trx pike,TRX Bridges,https://www.youtube.com/watch?v=TzoOmNDtngk,0.69,TRUE
standing leg curl,Leg Curl,https://www.youtube.com/watch?v=p6p9tn_z8xs,0.59,TRUE
plyo push up to box,Push Up,https://www.youtube.com/watch?v=6IjDFL2BdKs,0.47,TRUE
Belt Squat,Belt Squat,https://www.youtube.com/watch?v=lB6uYvlRaVs,1.00,false
A skip,,,0.00,TRUE
dynamic banded hamstring curl,Prone Banded Hamstring Curl,https://www.youtube.com/watch?v=Wxduvzpm_wA,0.66,TRUE
hanging straight leg raise with mb,Hanging Straight Leg Raises,https://www.youtube.com/watch?v=Za1DUWepySM,0.66,TRUE
Hip Flexion Lift Offs,Bench Lift Offs,https://www.youtube.com/watch?v=iSagGNsCQMs,0.45,TRUE
Floor BB Press,Barbell Rows,https://www.youtube.com/watch?v=VruOUqnu-_I,0.36,TRUE
oh mb throws,Seated Overhead MB Tosses,https://www.youtube.com/watch?v=jSTWTcB2Pxc,0.46,TRUE
Seated Banded Lat Pulldown,,,0.00,TRUE
straight leg med ball transfers,Lying Med Ball Press,https://www.youtube.com/watch?v=2wFMMBNeeyY,0.36,TRUE
Bike / Jog,Bike,https://www.youtube.com/watch?v=pZdGXKCcWTA,0.50,TRUE
sumo ankle weighted knee jumps,SL Weighted Knee Tuck,https://www.youtube.com/watch?v=FM9JbYP4zKw,0.39,TRUE
Floor BB Press's,,,0.00,TRUE
SL Glute Bridge w/MB,SL Elevated Glute Bridges,https://www.youtube.com/watch?v=ei593QBtVvA,0.46,TRUE
Split stance cross body MB throws,Split Stance Jumps,https://www.youtube.com/watch?v=2kZMtdOR0NQ,0.35,TRUE
ssb front box squat,SSB Box Squat,https://www.youtube.com/watch?v=efgDoPBsTtg,0.80,TRUE
side planks,Side Plank,https://www.youtube.com/watch?v=WjcZhsb0a6M,0.56,TRUE
DB banded Side Bends,DB Side Bend,https://www.youtube.com/watch?v=zeYcJfyHcII,0.52,TRUE
ssb reverse lunges,SSB Reverse Lunge,https://www.youtube.com/watch?v=2lS_OJyOEqM,0.79,TRUE
Quadruped Shoulder Cars With Rotation,Quadruped Shoulder CARS,https://www.youtube.com/watch?v=g18n6Hmp7YY,0.94,false
ssb sumo box squat,SSB Sumo Box Squat,https://www.youtube.com/watch?v=UvN1sAt6NnQ,1.00,false
Standing Hammer Curl,,,0.00,TRUE
conventional DB RDL,DB RDL,https://www.youtube.com/watch?v=iGiH7rOYLhM,0.72,TRUE
seated vert jump,Seated Broad Jump,https://www.youtube.com/watch?v=dW3nVjzozkg,0.58,TRUE
standing hammer curls alternating,DB Hammer Curls,https://www.youtube.com/watch?v=ESj6wvb-qyk,0.40,TRUE
Chest Supported Ys,,,0.00,TRUE
chest supported Ts,,,0.00,TRUE
chest supported OH shoulder lift offs,Bench Supported Shoulder Lift Offs,https://www.youtube.com/watch?v=56_03Vbuqoc,0.61,TRUE
seated lat pulldown variation,,,0.00,TRUE
cartwheel,,,0.00,TRUE
walkouts,Frog Walkouts,https://www.youtube.com/watch?v=_XbN8Sqxde8,0.55,TRUE
t-spine mobs from bench,T Spine Flexion Extension From Bench,https://www.youtube.com/watch?v=k2TTn5h6ORM,0.58,TRUE
BW RFESS Medial Band Pull,,,0.00,TRUE
BW reverse lunghe,DB Reverse Lunge,https://www.youtube.com/watch?v=WpPDPqCSZoI,0.36,TRUE
standing vertical jump,,,0.00,TRUE
Stationary Cable Core Eccentric,,,0.00,TRUE
banded serratus wall slide,Banded 3 Way Wall Slides,https://www.youtube.com/watch?v=ixyCQFwKG_U,0.45,TRUE
Step back Mb scoop toss,Step Back Throws,https://www.youtube.com/watch?v=jVmTP5fkCc0,0.41,TRUE
Wall Slide w/Lift Off to Swimmers,Y Wall Slides To Lift Off,https://www.youtube.com/watch?v=62kr6q5WACU,0.45,TRUE
bosu shoulder circles,Shoulder Touches,https://www.youtube.com/watch?v=VPEt_3OrTPo,0.38,TRUE
y wall slide,Y Wall Slide,https://www.youtube.com/watch?v=Tn1matbVpbU,1.00,false
pallof sled walks,OH Pull Sled Walks,https://www.youtube.com/watch?v=M0CHCdXBqeQ,0.44,TRUE
pendelay row,,,0.00,TRUE
sumo ssb box squat,SSB Sumo Box Squat,https://www.youtube.com/watch?v=UvN1sAt6NnQ,0.87,false
SA Cable Raise Across Body High to Low,SA Cable Rows,https://www.youtube.com/watch?v=vvU0YrO7hXM,0.39,TRUE
Pendlay row,,,0.00,TRUE
pigeon stretch,Quad Stretch,https://www.youtube.com/watch?v=yJm3laGBvQs,0.43,TRUE
Pigeon Stretch w/ Bench,,,0.00,TRUE
Plank,Plank,https://www.youtube.com/watch?v=62hp4623Cq0,1.00,false
plank competition,Plank,https://www.youtube.com/watch?v=62hp4623Cq0,0.42,TRUE
banded shoulder press,Banded OH Shoulder Press,https://www.youtube.com/watch?v=0zc-IfZUy74,0.73,TRUE
Hanging Straight Leg Raises against bands,Hanging Straight Leg Raises,https://www.youtube.com/watch?v=Za1DUWepySM,0.66,TRUE
rows from belt squat machine,Belt Squat Marches,https://www.youtube.com/watch?v=Tr-RfqI9qsk,0.40,TRUE
Banded shoulder ER walk outs,Banded Shoulder Flys,https://www.youtube.com/watch?v=vCiFm6gbpcQ,0.46,TRUE
Tall Kneeling OH MB Throw,Tall Kneeling MB Throw,https://www.youtube.com/watch?v=vmKoSZm2X4I,0.76,TRUE
diagonal bound,,,0.00,TRUE
sled chest press,Sled Sprints,https://www.youtube.com/watch?v=13msPgWZ0r8,0.35,TRUE
1 arm push up with slide,Push Up Plank,https://www.youtube.com/watch?v=xlcM4qbrMT0,0.39,TRUE
Depth jump (to no boxes),,,0.00,TRUE
Depth jump (to no box),Skater Jump to Box Jump,https://www.youtube.com/watch?v=pKylDPcebEE,0.42,TRUE
depth drop to vertical jump,Depth Drop,https://www.youtube.com/watch?v=2Z9hiz6gCIg,0.47,TRUE
Speed DB Bench Press Banded,Banded DB Bench Press,https://www.youtube.com/watch?v=6QF6GzI-_mc,0.75,TRUE
Speed sumo box squat,Bow Bar Sumo Box Squat,https://www.youtube.com/watch?v=pfIILpjKhgc,0.57,TRUE
roll out forearms,,,0.00,TRUE
Split Squat Double Switch Jumps,Split Stance Jumps,https://www.youtube.com/watch?v=2kZMtdOR0NQ,0.39,TRUE
split stance 1 arm row @ 45,Split Stance Jumps,https://www.youtube.com/watch?v=2kZMtdOR0NQ,0.40,TRUE
roll out biceps,,,0.00,TRUE
Split Stance 1 Arm Row @45,Split Stance Jumps,https://www.youtube.com/watch?v=2kZMtdOR0NQ,0.40,TRUE
split stance 1-arm row @ 45,Split Stance Jumps,https://www.youtube.com/watch?v=2kZMtdOR0NQ,0.40,TRUE
bent over db row w/ band,Bent Over DB Row,https://www.youtube.com/watch?v=C74h20RRuaw,0.70,TRUE
inverted bb row,Inverted BB Row,https://www.youtube.com/watch?v=tX4m7aPc9os,1.00,false
SA Side Plank,SA Plank Slides,https://www.youtube.com/watch?v=sDXICrkGXSM,0.59,TRUE
Foot Elevated Lateral Lunge,Lateral Lunge,https://www.youtube.com/watch?v=w6C-U9OrCrQ,0.49,TRUE
Banded Hip IR w/bench,Quadruped Stance SL Banded HIP IR With Bench,https://www.youtube.com/watch?v=miFkduI6NiU,0.41,TRUE
sumo banded pull throughs,Banded Sumo Pull Throughs,https://www.youtube.com/watch?v=NUJ_IR9SQt8,0.84,TRUE
Sumo Cable Pull Throughs,Banded Sumo Pull Throughs,https://www.youtube.com/watch?v=NUJ_IR9SQt8,0.58,TRUE
mb shoulder plyo wall taps,Shoulder Taps,https://www.youtube.com/watch?v=kwXX1uAnwRw,0.44,TRUE
mb shoulder plyos,Shoulder Plank,https://www.youtube.com/watch?v=BSvuY8u2Pvw,0.41,TRUE
Frog Walk,Frog Walkouts,https://www.youtube.com/watch?v=_XbN8Sqxde8,0.48,TRUE
md shoulder dribble,,,0.00,TRUE
rapid fire scoop toss throws,Rapid Fire Plate Grips,https://www.youtube.com/watch?v=5AwWDfPwvUA,0.39,TRUE
Banded Landmine Throws,Standing Landmine Rotations,https://www.youtube.com/watch?v=bKVdVi1Ci9E,0.36,TRUE
Front Foot Elevated DB Split Squat Hold,Front Foot Elevated Split Squat Hold,https://www.youtube.com/watch?v=NsbGSLJKpTQ,0.83,TRUE
front foot elevated DB split squats,Front Foot Elevated Split Squat Hold,https://www.youtube.com/watch?v=NsbGSLJKpTQ,0.56,TRUE
loaded RFESS jumps,Skater Jumps,https://www.youtube.com/watch?v=FClFewZHCVU,0.35,TRUE
prone oh shoulder flexion end range lift-offs,,,0.00,TRUE
quadruped ball drops,Quadruped Reaches,https://www.youtube.com/watch?v=vPE6B3TjEOI,0.37,TRUE
anterior loaded lateral landmine lunges,Lateral Landmine Lunge,https://www.youtube.com/watch?v=I27AR3Xn6js,0.43,TRUE
hip flexion rotational hovers,,,0.00,TRUE
SA DB snatches,SA DB Row,https://www.youtube.com/watch?v=NUSVbpODY3k,0.65,TRUE
t spine extensions pails/rails,Pails/Rails,https://www.youtube.com/watch?v=ryKSc3QFXJo,0.39,TRUE
"sa db row from bench, eccentric",SA DB Bench Lat Row,https://www.youtube.com/watch?v=zjjSdWLyot4,0.62,TRUE
Loaded Hip Car,Standing Hip CAR,https://www.youtube.com/watch?v=J-6TMrUwgYc,0.74,TRUE
Loaded ENG Shoulder IR (Band/plates),,,0.00,TRUE
quadruped hip cars,Quadruped Shoulder CARS,https://www.youtube.com/watch?v=g18n6Hmp7YY,0.74,TRUE
No Hand Leg Raises,Leg Raises,https://www.youtube.com/watch?v=JqSZtj44_R0,0.52,TRUE
half kneeling high cable chop,High Cable Pull,https://www.youtube.com/watch?v=3694cgLt5aI,0.35,TRUE
Half kneeling KB OH press,Kneeling SA KB Press,https://www.youtube.com/watch?v=UDIuMnCQ05c,0.43,TRUE
jog,,,0.00,TRUE
Half Kneeling Lateral Pail/Rails,,,0.00,TRUE
nordic hamstring curlss,Nordic Hamstring Curl,https://www.youtube.com/watch?v=BEmD-Uhcz8c,0.67,TRUE
t reverse sled walks,OH Pull Sled Walks,https://www.youtube.com/watch?v=M0CHCdXBqeQ,0.42,TRUE
OH DB Side Bends,Weighted OH Side Bends,https://www.youtube.com/watch?v=gRnF2nm52tQ,0.57,TRUE
anterior loaded db rfess,,,0.00,TRUE
oh lateral flexion holds half kneeling,,,0.00,TRUE
Lateral Hurdle Jumps (Continuous),Hurdle Jumps,https://www.youtube.com/watch?v=6hnegrubb3k,0.45,TRUE
half kneeling SA Cable Row w/ T-Spine Rotations,Kneeling SA Landmine Tosses,https://www.youtube.com/watch?v=l1wnZVH107Q,0.35,TRUE
hurdle hop to vert jumps,Hurdle Jumps,https://www.youtube.com/watch?v=6hnegrubb3k,0.53,TRUE
Step ups,DB Step Ups,https://www.youtube.com/watch?v=KExxTPKs0v4,0.59,TRUE
Wall Sit Explosive Jumps,Wall Sit With Knee Lift,https://www.youtube.com/watch?v=YHKptWJJFWo,0.38,TRUE
shoulder taps,Shoulder Taps,https://www.youtube.com/watch?v=kwXX1uAnwRw,1.00,false
sl abductor dips,Single Leg Hops,https://www.youtube.com/watch?v=afPTCjMfbbI,0.47,TRUE
Banded Shoulder Raises,Banded Shoulder Flys,https://www.youtube.com/watch?v=vCiFm6gbpcQ,0.61,TRUE
db shrugs,DB Shoulder Shrugs,https://www.youtube.com/watch?v=orx4_8WN5jY,0.65,TRUE
seated wall slides,Seated Wall Flutters,https://www.youtube.com/watch?v=-JQkh0NUtts,0.60,TRUE
Band Assisted ER,,,0.00,TRUE
KB baseball swings,KB Squats,https://www.youtube.com/watch?v=UanKNRvFoJY,0.37,TRUE
TRX push up w/ scapula rotation,TRX Push Up,https://www.youtube.com/watch?v=LC1ft-_JmeY,0.62,TRUE
side lying elevated V-ups,Side Lying Flutters,https://www.youtube.com/watch?v=J59-KN5rM80,0.44,TRUE
Hurdle Jump to Box Jump,Skater Jump to Box Jump,https://www.youtube.com/watch?v=pKylDPcebEE,0.58,TRUE
Half Kneeling MB Slams,Tall Kneeling MB Throw,https://www.youtube.com/watch?v=vmKoSZm2X4I,0.47,TRUE
leg raises with hip raise,Leg Raises,https://www.youtube.com/watch?v=JqSZtj44_R0,0.50,TRUE
Side Lying Crunches,Side Lying Crunches,https://www.youtube.com/watch?v=vY9XzBlNPGo,1.00,false
Y-wall slide,Y Wall Slide,https://www.youtube.com/watch?v=Tn1matbVpbU,1.00,false
Half Kneeling Sit Back,Kneeling Sit Backs,https://www.youtube.com/watch?v=eMOziLcs684,0.53,TRUE
Shoulder Adduction Lift offs,Bench Supported Shoulder Lift Offs,https://www.youtube.com/watch?v=56_03Vbuqoc,0.46,TRUE
lunge holds,,,0.00,TRUE
landmine squat,BB Squat,https://www.youtube.com/watch?v=jW1CPvulxhU,0.40,TRUE
Prone Elevated Shoulder ERs,Elevated Shoulder Plank Rebounds,https://www.youtube.com/watch?v=_QwKc3a5FgI,0.38,TRUE
speed DB incline bench press,Incline DB Bench Press,https://www.youtube.com/watch?v=AOktha2jCuw,0.70,TRUE
broad jump to vert jump,Hurdle Jump to Vert Jumpt,https://www.youtube.com/watch?v=FBeABfFrMOE,0.53,TRUE
Half Kneeling SA Banded Row w/T Spine Rotations,Banded T-Spine Rotations,https://www.youtube.com/watch?v=47-uA7_O9F8,0.41,TRUE
Split Stance lunge alternating jumps,Split Stance Jumps,https://www.youtube.com/watch?v=2kZMtdOR0NQ,0.56,TRUE
seated cable row,Inverted BB Row,https://www.youtube.com/watch?v=tX4m7aPc9os,0.36,TRUE
db step up,DB Step Ups,https://www.youtube.com/watch?v=KExxTPKs0v4,0.68,TRUE
cable tricep kick backs,Cable Tricep Pushdown,https://www.youtube.com/watch?v=PxAxnWiOl-g,0.47,TRUE
B skip,,,0.00,TRUE
dynamic banded hamstring  curls,Prone Banded Hamstring Curl,https://www.youtube.com/watch?v=Wxduvzpm_wA,0.49,TRUE
1 mile run on treadmill,,,0.00,TRUE
6 exercise shoulder series,Shoulder Taps,https://www.youtube.com/watch?v=kwXX1uAnwRw,0.39,TRUE
ab-wheel,Ab Wheel,https://www.youtube.com/watch?v=OrZDosQVS9E,1.00,false
ab-wheels,Ab Wheel,https://www.youtube.com/watch?v=OrZDosQVS9E,0.56,TRUE
Alternating Standing Hammer Curls,Seated DB Hammer Curls,https://www.youtube.com/watch?v=g1MPGaVoiU4,0.41,TRUE
anterior loaded alternating lateral landmine lunges,,,0.00,TRUE
Anterior Loaded Landmine Lateral Lunge,Lateral Landmine Lunge,https://www.youtube.com/watch?v=I27AR3Xn6js,0.56,TRUE
anterior loaded lateral lunge,Lateral Lunge,https://www.youtube.com/watch?v=w6C-U9OrCrQ,0.48,TRUE
Approach Box Squat,Approach Box Jumps,https://www.youtube.com/watch?v=3AMmvd0UOBM,0.59,TRUE
approach vert jump,Hurdle Jump to Vert Jumpt,https://www.youtube.com/watch?v=FBeABfFrMOE,0.42,TRUE
Approach Vertical Jump,Approach Box Jumps,https://www.youtube.com/watch?v=3AMmvd0UOBM,0.36,TRUE
Approach Vertical Jumps,Approach Box Jumps,https://www.youtube.com/watch?v=3AMmvd0UOBM,0.56,TRUE
assisted chin up (feet elevated),,,0.00,TRUE
assisted sl db rdl,DB SL RDL,https://www.youtube.com/watch?v=0boQhHz89v8,0.75,TRUE
banded back extension,Leg Extension,https://www.youtube.com/watch?v=M2zdNOS6dU4,0.36,TRUE
banded good morning,Bow Bar Good Morning,https://www.youtube.com/watch?v=ia78QfRqFeE,0.52,TRUE
banded hip flexor lift offs,Bench Lift Offs,https://www.youtube.com/watch?v=iSagGNsCQMs,0.39,TRUE
Banded OH Triceps w/PVC Pipe,,,0.00,TRUE
Banded Overhead Triceps,Banded OH Shoulder Press,https://www.youtube.com/watch?v=0zc-IfZUy74,0.49,TRUE
Banded Pec fly;s,Banded Pec Flys,https://www.youtube.com/watch?v=hZdVesAuHHs,0.61,TRUE
banded ploy push ups,Banded Push Up,https://www.youtube.com/watch?v=EIi2Wf1Yqs4,0.52,TRUE
Banded Push Up,Banded Push Up,https://www.youtube.com/watch?v=EIi2Wf1Yqs4,1.00,false
Banded RDLs,Banded RFESS,https://www.youtube.com/watch?v=GJG6L57rU2I,0.50,TRUE
Banded scap circles,Banded Bicep Curls,https://www.youtube.com/watch?v=YcojJvP99qk,0.39,TRUE
Banded Shoulder ER Holds,Banded Shoulder Flys,https://www.youtube.com/watch?v=vCiFm6gbpcQ,0.54,TRUE
Banded shoulder roll,Banded Shoulder Flys,https://www.youtube.com/watch?v=vCiFm6gbpcQ,0.62,TRUE
Banded Shoulder Rolls,Banded Shoulder Flys,https://www.youtube.com/watch?v=vCiFm6gbpcQ,0.64,TRUE
banded sprint,Banded RFESS,https://www.youtube.com/watch?v=GJG6L57rU2I,0.42,TRUE
Banded Thread The Needle,Thread The Needle,https://www.youtube.com/watch?v=A9vk9uKQW8g,0.66,TRUE
banded Y wall slide w/lift off,Y Wall Slides To Lift Off,https://www.youtube.com/watch?v=62kr6q5WACU,0.58,TRUE
"banded Y,T,A,W hold",,,0.00,TRUE
Bandede Froggers With T-Spine Rotation,Banded T-Spine Rotations,https://www.youtube.com/watch?v=47-uA7_O9F8,0.44,TRUE
barbell back squat,BB Squat,https://www.youtube.com/watch?v=jW1CPvulxhU,0.69,TRUE
barbell glute bridge,Glute Bridge Slides,https://www.youtube.com/watch?v=wviGNxKU-ZI,0.40,TRUE
barbell hamstring stretch,Banded Lying Down Hamstring Stretch,https://www.youtube.com/watch?v=dsf5QihcON4,0.45,TRUE
Barbell Rotations,Barbell Catches,https://www.youtube.com/watch?v=pHaeH_UDSXA,0.46,TRUE
Baseball Sprint Start,,,0.00,TRUE
BB Bent Over Row Over Hand Grip,Bent Over DB Row,https://www.youtube.com/watch?v=C74h20RRuaw,0.40,TRUE
BB Floor Press,Barbell Catches,https://www.youtube.com/watch?v=pHaeH_UDSXA,0.36,TRUE
bear sit wall slide,Y Wall Slide,https://www.youtube.com/watch?v=Tn1matbVpbU,0.47,TRUE
Bent DB Row w/ Band,Bent Over DB Row,https://www.youtube.com/watch?v=C74h20RRuaw,0.50,TRUE
Bent Over DB Row with Band,Bent Over DB Row,https://www.youtube.com/watch?v=C74h20RRuaw,0.81,TRUE
bent over row w/band,Bent Over DB Row,https://www.youtube.com/watch?v=C74h20RRuaw,0.48,TRUE
bow bar front squats,Bow Bar Box Squat,https://www.youtube.com/watch?v=vu-KJqB1kT8,0.50,TRUE
box drop plyo push-ups,Medicine Ball Push Ups,https://www.youtube.com/watch?v=_MMiLU6R3xA,0.35,TRUE
Box Squat w/ Plate Raise,,,0.00,TRUE
BW Double Leg Bounds w/hurdles,,,0.00,TRUE
Cable Bicep Curl,Cable Bicep Curl,https://www.youtube.com/watch?v=WmaxT1BUfJg,1.00,false
cable quadruped shoulder ER/IR,Cable Machine Shoulder ER,https://www.youtube.com/watch?v=0GnWYYy44Vs,0.57,TRUE
Cable Tricep Kickback,Cable Tricep Pushdown,https://www.youtube.com/watch?v=PxAxnWiOl-g,0.55,TRUE
Chest supported DB alternating row,Bench Supported DB Row,https://www.youtube.com/watch?v=acz2232xq-U,0.53,TRUE
Chest Supported OH Shoulder Lift Off,Bench Supported Shoulder Lift Offs,https://www.youtube.com/watch?v=56_03Vbuqoc,0.48,TRUE
Controlled Bear Crawl Forward & Backs,Bear Crawl,https://www.youtube.com/watch?v=CwGwvHjnDiI,0.35,TRUE
conventional deadlift low pin pull,Conventional Deadlift,https://www.youtube.com/watch?v=ROw61NrL-YI,0.49,TRUE
crunches,Bicycle Crunches,https://www.youtube.com/watch?v=25IsRcbdwXw,0.50,TRUE
curved sprint,,,0.00,TRUE
DB  tricep extensions,DB Tricep Extensions,https://www.youtube.com/watch?v=3yBziKffkUI,1.00,false
db bench press from floor,DB Bench Press,https://www.youtube.com/watch?v=vtU7w_hyMa4,0.62,TRUE
DB hip stretch,DB I's,https://www.youtube.com/watch?v=jbT_JWOCZcI,0.36,TRUE
DB loaded reverse lunge feet elevated yoga push up,Elevated Yoga Push Up,https://www.youtube.com/watch?v=qBnftxCj6c8,0.42,TRUE
DB Loaded Step Up,DB Step Ups,https://www.youtube.com/watch?v=KExxTPKs0v4,0.50,TRUE
DB Loaded Vertical Jump,DB Broad Jump,https://www.youtube.com/watch?v=tHkkzoZFd38,0.46,TRUE
DB OH side bends,Weighted OH Side Bends,https://www.youtube.com/watch?v=gRnF2nm52tQ,0.65,TRUE
db seated shoulder press,Seated DB Shoulder Press,https://www.youtube.com/watch?v=yNgGE8rH0pA,0.81,TRUE
DB Tricep Extensions w/ Bench,DB Tricep Extensions,https://www.youtube.com/watch?v=3yBziKffkUI,0.67,TRUE
dragon flag,,,0.00,TRUE
Dynamic Rebounds w/ Box,,,0.00,TRUE
eccentric leg lowers,,,0.00,TRUE
Elevated Side Plank Dips,Side Plank,https://www.youtube.com/watch?v=WjcZhsb0a6M,0.47,TRUE
Elevated SL lateral box squat,Elevated SL Squat,https://www.youtube.com/watch?v=EuUl_YOxMPE,0.67,TRUE
Explosive Calf Raise DB,DB Calf Raises,https://www.youtube.com/watch?v=1rczXb9XK0o,0.39,TRUE
Eye Level Banded Face Pull,Banded Face Pulls,https://www.youtube.com/watch?v=gAJbB0i-iL8,0.43,TRUE
Feet Elevated Yoga pushups,Elevated Yoga Push Up,https://www.youtube.com/watch?v=qBnftxCj6c8,0.49,TRUE
Floor Bench Press,DB Bench Press,https://www.youtube.com/watch?v=vtU7w_hyMa4,0.54,TRUE
floor sa db press,SA DB Bench Press,https://www.youtube.com/watch?v=hHs_qMPfkaU,0.65,TRUE
Foam Roll Quad,Quad Foam Roll,https://www.youtube.com/watch?v=TFSWZu7bpgg,0.71,TRUE
forward eccentric lunge with lean,Forward Lunge Leans,https://www.youtube.com/watch?v=mTmwA5MQX5g,0.48,TRUE
forward to backwards leg swings,Walking Leg Swings,https://www.youtube.com/watch?v=YjABGCVJ3xs,0.44,TRUE
FRC Sw,,,0.00,TRUE
FRC Swimmer w/ Wall Lift Off,,,0.00,TRUE
Frogger Walk,Sled Walk,https://www.youtube.com/watch?v=21Jy4mXJVc0,0.40,TRUE
Front foot elevated DB split squat  hold,Front Foot Elevated Split Squat Hold,https://www.youtube.com/watch?v=NsbGSLJKpTQ,0.83,TRUE
glute bridge walks,Glute Bridge Slides,https://www.youtube.com/watch?v=wviGNxKU-ZI,0.59,TRUE
goblet squats,KB Squats,https://www.youtube.com/watch?v=UanKNRvFoJY,0.41,TRUE
Half Kneeling Banded Hip Flexor Lift Offs,,,0.00,TRUE
half kneeling banded Y's,,,0.00,TRUE
half kneeling oh mb throws,Tall Kneeling MB Throw,https://www.youtube.com/watch?v=vmKoSZm2X4I,0.42,TRUE
Half kneeling SA Banded Row w/T Spine rotation,Banded Kneeling SA Landmine Press,https://www.youtube.com/watch?v=5vPuPQx8FFw,0.40,TRUE
Half Kneeling SA Cable Row w/T Spine Rotation,,,0.00,TRUE
half kneeling sprints,,,0.00,TRUE
handing knee tucks,Hanging Knee Tucks,https://www.youtube.com/watch?v=HD0NyTJOMcw,0.68,TRUE
Handstand Push-Ups,Medicine Ball Push Ups,https://www.youtube.com/watch?v=_MMiLU6R3xA,0.44,TRUE
Hanging Banded  Knee Tucks,Hanging Knee Tucks,https://www.youtube.com/watch?v=HD0NyTJOMcw,0.74,TRUE
Hip Circles Backward then Forward,Hip Circles Forward and Backwards,https://www.youtube.com/watch?v=YT5KXomKflY,0.54,TRUE
hip er flexion PRH,,,0.00,TRUE
Hip Flexion End Range Lift Off,,,0.00,TRUE
hip flexion end ranges lift  offs,,,0.00,TRUE
Hip Sleeper Stretch,,,0.00,TRUE
Hurdle Hop To Vert Jump,Hurdle Jump to Vert Jumpt,https://www.youtube.com/watch?v=FBeABfFrMOE,0.69,TRUE
Inverse cable curl,Cable Bicep Curl,https://www.youtube.com/watch?v=WmaxT1BUfJg,0.46,TRUE
KB RFESS to Jumps,KB Squats,https://www.youtube.com/watch?v=UanKNRvFoJY,0.40,TRUE
kb single leg raises,Kneeling SL Calf Raises,https://www.youtube.com/watch?v=twIDGN9Qdu8,0.53,TRUE
KB SL Hip Flexor Raise,Seated SL Hip Flexor Stretch With Cones,https://www.youtube.com/watch?v=pjl4bpWVbqE,0.50,TRUE
KB SL hip flexor raises,Seated SL Hip Flexor Stretch With Cones,https://www.youtube.com/watch?v=pjl4bpWVbqE,0.50,TRUE
Kneeling Banded Landmine Throws,Banded Kneeling SA Landmine Press,https://www.youtube.com/watch?v=5vPuPQx8FFw,0.47,TRUE
Kneeling db jump to broad,DB Broad Jump,https://www.youtube.com/watch?v=tHkkzoZFd38,0.58,TRUE
Kneeling DB Jump to Broad Jump,DB Broad Jump,https://www.youtube.com/watch?v=tHkkzoZFd38,0.68,TRUE
kneeling push up to drop,Kneeling Push Up Falls,https://www.youtube.com/watch?v=GVS2Lu94Zto,0.67,TRUE
Kneeling SA Banded Row w/ T-Spine Rotation,Kneeling SA Landmine Tosses,https://www.youtube.com/watch?v=l1wnZVH107Q,0.39,TRUE
Kneeling t spine windmill against plyo wall,,,0.00,TRUE
Kneeling T-Spine Row,T-Spine Mobs,https://www.youtube.com/watch?v=7dDgyVFlwdU,0.40,TRUE
Landmine RDL,SL Landmine RDL,https://www.youtube.com/watch?v=ZGXs9mKTWyY,0.64,TRUE
lat pulldown variation,,,0.00,TRUE
Lateral (low intensity) extensive plyometrics,,,0.00,TRUE
lateral extensive plyometrics,,,0.00,TRUE
Lateral Hurdle Jump to Vert Jump,Hurdle Jump to Vert Jumpt,https://www.youtube.com/watch?v=FBeABfFrMOE,0.64,TRUE
Lateral hurdle jumps,Hurdle Jumps,https://www.youtube.com/watch?v=6hnegrubb3k,0.64,TRUE
lateral leg swingss,Lateral Leg Swing,https://www.youtube.com/watch?v=0Znd1GPvOVg,0.66,TRUE
latteral leg swings,Walking Leg Swings,https://www.youtube.com/watch?v=YjABGCVJ3xs,0.55,TRUE
Loaded Broad Jump,Seated Broad Jump,https://www.youtube.com/watch?v=dW3nVjzozkg,0.63,TRUE
Loaded Broad Jump Bounds,Seated Broad Jump,https://www.youtube.com/watch?v=dW3nVjzozkg,0.47,TRUE
Loaded ENG Shoulder IR (Band/plate),,,0.00,TRUE
Loaded ENG Shoulder IR's (Band/plate),,,0.00,TRUE
loaded hurdle bounds,Lateral Bounds,https://www.youtube.com/watch?v=8IcgdSicZlo,0.39,TRUE
Loaded Pull Overs,,,0.00,TRUE
Loaded Pullover,,,0.00,TRUE
Loaded Pullover with Cable,,,0.00,TRUE
loaded SL Broad Jump,Single Leg Box Jump,https://www.youtube.com/watch?v=B_18GKuVs0k,0.56,TRUE
mb loaded box jumps,Approach Box Jumps,https://www.youtube.com/watch?v=3AMmvd0UOBM,0.49,TRUE
mb loaded spinal CARs (standing),Standing Spine CAR,https://www.youtube.com/watch?v=KdULSg8iS8s,0.55,TRUE
MB loaded spine cars,Standing Spine CAR,https://www.youtube.com/watch?v=KdULSg8iS8s,0.66,TRUE
mb loaded split jumps,Split Stance Jumps,https://www.youtube.com/watch?v=2kZMtdOR0NQ,0.39,TRUE
mb push throws,Reverse Throws,https://www.youtube.com/watch?v=byqFGgQ6Z2c,0.38,TRUE
MB Side to Side Slam,,,0.00,TRUE
MB side to side slams,Assisted SL MB Slams,https://www.youtube.com/watch?v=4WNWGyOL3gY,0.37,TRUE
mb vert jump between plyos,,,0.00,TRUE
Monkey Hangs Flexion to Extension,Hanging Flexion To Extension,https://www.youtube.com/watch?v=rarXJRoS-8M,0.52,TRUE
mountain climber,Pushup Pause To Mountain Climber Pause,https://www.youtube.com/watch?v=F8kFLIp6FOI,0.48,TRUE
Multi Grip / Bow Bar Bench Press,Multi Grip Bench Press,https://www.youtube.com/watch?v=l_Riw2NovEk,0.69,TRUE
multi grip bench press w/ bands & KB,Multi Grip Bench Press,https://www.youtube.com/watch?v=l_Riw2NovEk,0.56,TRUE
multi grip bench presss,Multi Grip Bench Press,https://www.youtube.com/watch?v=l_Riw2NovEk,0.74,TRUE
multi grip speed bench press,Multi Grip Bench Press,https://www.youtube.com/watch?v=l_Riw2NovEk,0.79,TRUE
no core work,,,0.00,TRUE
oblique crunches,Bicycle Crunches,https://www.youtube.com/watch?v=25IsRcbdwXw,0.45,TRUE
oh lateral flexion holds,,,0.00,TRUE
Pigeon Split Squat,DB Bulgarian Split Squat,https://www.youtube.com/watch?v=qhgRFkbfCDw,0.43,TRUE
Plate Grip Walks,Plate Grip Walks,https://www.youtube.com/watch?v=oKtdWNQzAW4,1.00,false
prone plate switches,,,0.00,TRUE
Prone rapid plyoball drops 2 way series,Body Blade 2 Way Series,https://www.youtube.com/watch?v=inbAFOyFnZ0,0.39,TRUE
prone shoulder plank,Shoulder Plank,https://www.youtube.com/watch?v=BSvuY8u2Pvw,0.68,TRUE
Prone Shoulder Shoulder Extension with Elbow Flexion,,,0.00,TRUE
Prone Y Raises,Leg Raises,https://www.youtube.com/watch?v=JqSZtj44_R0,0.38,TRUE
push up 1 arm slide,Push Up Plank,https://www.youtube.com/watch?v=xlcM4qbrMT0,0.39,TRUE
push up sprint,Push Up,https://www.youtube.com/watch?v=6IjDFL2BdKs,0.60,TRUE
push ups,Push Up,https://www.youtube.com/watch?v=6IjDFL2BdKs,0.55,TRUE
PVC Windmill,PVC Shoulder Rolls,https://www.youtube.com/watch?v=-EKqmfTI4IQ,0.45,TRUE
PVC Windmills,PVC Shoulder Rolls,https://www.youtube.com/watch?v=-EKqmfTI4IQ,0.47,TRUE
Rapid Side to Side Push Up,Banded Push Up,https://www.youtube.com/watch?v=EIi2Wf1Yqs4,0.45,TRUE
Rapid side to side push ups,Medicine Ball Push Ups,https://www.youtube.com/watch?v=_MMiLU6R3xA,0.42,TRUE
repetitive broad jumps,Repetitive Broad Jump,https://www.youtube.com/watch?v=4-2qfRsdrOg,0.68,TRUE
Resistance band Jumps,Resistance Band Overhead Reach,https://www.youtube.com/watch?v=PHzktqlK9-0,0.45,TRUE
reverse shot put throw,,,0.00,TRUE
Reverse Sprint,Reverse Throws,https://www.youtube.com/watch?v=byqFGgQ6Z2c,0.46,TRUE
roll out upper back/t spine,,,0.00,TRUE
roundhouse,,,0.00,TRUE
SA banded KB pendlay row,SA KB Row,https://www.youtube.com/watch?v=7bi1JXjaolA,0.65,TRUE
SA DB  tricep extension,SA DB Row,https://www.youtube.com/watch?v=NUSVbpODY3k,0.54,TRUE
SA DB Row from Bench- Eccentric,SA DB Bench Lat Row,https://www.youtube.com/watch?v=zjjSdWLyot4,0.62,TRUE
sa landmine rotational press,SA Landmine Pull To Press,https://www.youtube.com/watch?v=hpVza5QMyZU,0.70,TRUE
SA Landmine Rows,SA Cable Rows,https://www.youtube.com/watch?v=vvU0YrO7hXM,0.66,TRUE
SB SL Lateral Squat,Single Leg Lateral Squat,https://www.youtube.com/watch?v=pErj1JybRXk,0.84,TRUE
School Workout Program Instead of NBP,,,0.00,TRUE
seated db oh press variation,Seated OH DB Press With Turn,https://www.youtube.com/watch?v=B5DH6_5O8ik,0.59,TRUE
Seated High Cable Row,High Cable Pull,https://www.youtube.com/watch?v=3694cgLt5aI,0.43,TRUE
Seated Hip IR with band,Seated Hip Internal Rotations,https://www.youtube.com/watch?v=xTedoyAxOps,0.42,TRUE
Seated OH DB Press's,Seated OH DB Press With Turn,https://www.youtube.com/watch?v=B5DH6_5O8ik,0.75,TRUE
Seated SL Broad Jump,Seated Broad Jump,https://www.youtube.com/watch?v=dW3nVjzozkg,0.60,TRUE
serratus jab,,,0.00,TRUE
Shin Box,,,0.00,TRUE
shoulder OH extension lift offs,Bench Supported Shoulder Lift Offs,https://www.youtube.com/watch?v=56_03Vbuqoc,0.41,TRUE
Shoulder OH flexion Lift-offs,Bench Supported Shoulder Lift Offs,https://www.youtube.com/watch?v=56_03Vbuqoc,0.41,TRUE
shoulder OH lift offs,Bench Supported Shoulder Lift Offs,https://www.youtube.com/watch?v=56_03Vbuqoc,0.48,TRUE
side lying elevated crunch,Side Lying Oblique Crunch,https://www.youtube.com/watch?v=3wwL-OBpLQE,0.65,TRUE
side lying er catches,Side Lying Crunches,https://www.youtube.com/watch?v=vY9XzBlNPGo,0.54,TRUE
Side lying t-spine rotations,Banded T-Spine Rotations,https://www.youtube.com/watch?v=47-uA7_O9F8,0.57,TRUE
Side Plank w/ Rotation,Side Plank,https://www.youtube.com/watch?v=WjcZhsb0a6M,0.49,TRUE
side plank with rotation,Side Plank,https://www.youtube.com/watch?v=WjcZhsb0a6M,0.61,TRUE
Side Sprint,Side Plank,https://www.youtube.com/watch?v=WjcZhsb0a6M,0.45,TRUE
sl balance,Single Leg Hops,https://www.youtube.com/watch?v=afPTCjMfbbI,0.54,TRUE
SL Bounds w/Hurdles,SL Hurdle Jumps,https://www.youtube.com/watch?v=wHqbsYtlC24,0.41,TRUE
sl db rdls,Single Leg Box Squat With DB Raises,https://www.youtube.com/watch?v=yX8Plg7hR0Q,0.50,TRUE
sl eccentric hamstring stretch with slider,SL Hamstring Curl,https://www.youtube.com/watch?v=RTzXIh9FGeU,0.46,TRUE
sl high knee hold,SL Weighted Knee Tuck,https://www.youtube.com/watch?v=FM9JbYP4zKw,0.53,TRUE
SL Hip Flexion w/ KB,Kneeling SL Hip ER / IR Hovers With KB,https://www.youtube.com/watch?v=rv_dPZw-7uw,0.47,TRUE
SL Hip Flexion w/KB,Kneeling SL Hip ER / IR Hovers With KB,https://www.youtube.com/watch?v=rv_dPZw-7uw,0.47,TRUE
SL Lateral Box Jump,Single Leg Lateral Box Jumps,https://www.youtube.com/watch?v=rFsQR2zVbKI,0.79,TRUE
SL Lateral Lunge with Slider,KB SL Lateral Lunge With Slider,https://www.youtube.com/watch?v=1iFPgK98kPA,0.80,TRUE
SL Lateral Slider Squat,Single Leg Lateral Squat,https://www.youtube.com/watch?v=pErj1JybRXk,0.79,TRUE
SL Lateral Squat to low box,Single Leg Lateral Squat,https://www.youtube.com/watch?v=pErj1JybRXk,0.70,TRUE
sl plyo juggle,Single Leg Hops,https://www.youtube.com/watch?v=afPTCjMfbbI,0.46,TRUE
SL Rotational Broad Jump,Single Leg Box Jump,https://www.youtube.com/watch?v=B_18GKuVs0k,0.53,TRUE
sl squat w/ anterior load,Single Leg Lateral Squat,https://www.youtube.com/watch?v=pErj1JybRXk,0.46,TRUE
sl ultimate hip stretch with kb,Single Leg KB Crossover To Hip ER,https://www.youtube.com/watch?v=Q2w6h8Yy4sk,0.45,TRUE
Sled Walk w/ MB,Sled Walk,https://www.youtube.com/watch?v=21Jy4mXJVc0,0.56,TRUE
spanish squat,Belt Squat,https://www.youtube.com/watch?v=lB6uYvlRaVs,0.38,TRUE
speed DB bench press,DB Bench Press,https://www.youtube.com/watch?v=vtU7w_hyMa4,0.76,TRUE
Speed DB Bench Press Eccentric,DB Bench Press,https://www.youtube.com/watch?v=vtU7w_hyMa4,0.58,TRUE
speed deficit deadlift,,,0.00,TRUE
speed floor press,,,0.00,TRUE
speed front squat,,,0.00,TRUE
speed overhead press,Banded OH Shoulder Press,https://www.youtube.com/watch?v=0zc-IfZUy74,0.47,TRUE
Speed pendlay row,,,0.00,TRUE
speed press from pins,,,0.00,TRUE
speed romanian deadlift,Banded RDL,https://www.youtube.com/watch?v=qI9dCyygifg,0.63,TRUE
Speed SA DB Bench Press,SA DB Bench Press,https://www.youtube.com/watch?v=hHs_qMPfkaU,0.84,TRUE
speed ssb front box squat,SSB Box Squat,https://www.youtube.com/watch?v=efgDoPBsTtg,0.67,TRUE
Speed step up,,,0.00,TRUE
Speed Sumo BB Box Squat,SSB Sumo Box Squat,https://www.youtube.com/watch?v=UvN1sAt6NnQ,0.50,TRUE
Speed Sumo Box Squats,Bow Bar Sumo Box Squat,https://www.youtube.com/watch?v=pfIILpjKhgc,0.43,TRUE
Speed Sumo squat,Bow Bar Sumo Box Squat,https://www.youtube.com/watch?v=pfIILpjKhgc,0.40,TRUE
speed tricep extensions,DB Tricep Extensions,https://www.youtube.com/watch?v=3yBziKffkUI,0.59,TRUE
Spinal Rotation Lift offs,Bench Lift Offs,https://www.youtube.com/watch?v=iSagGNsCQMs,0.42,TRUE
Split Stance Flow Stretch,Split Stance Jumps,https://www.youtube.com/watch?v=2kZMtdOR0NQ,0.46,TRUE
Sprint,,,0.00,TRUE
SSB Assisted Split Squat,SSB Assisted Reverse Lunge,https://www.youtube.com/watch?v=WQpx4jqftC0,0.62,TRUE
ssb conventional box squat,SSB Box Squat,https://www.youtube.com/watch?v=efgDoPBsTtg,0.75,TRUE
SSB speed box squat,SSB Box Squat,https://www.youtube.com/watch?v=efgDoPBsTtg,0.80,TRUE
ssb zombie box squats,SSB Box Squat,https://www.youtube.com/watch?v=efgDoPBsTtg,0.71,TRUE
SSB zombie squat,SSB Bar Zombie Grip Squat,https://www.youtube.com/watch?v=TtARFkGGll0,0.79,TRUE
Standing Hamstring Curls,Nordic Hamstring Curl,https://www.youtube.com/watch?v=BEmD-Uhcz8c,0.40,TRUE
standing hips cars,Standing Hip CAR,https://www.youtube.com/watch?v=J-6TMrUwgYc,0.79,TRUE
standing SA Cable Row w/Rotation,Standing SA Landmine Press,https://www.youtube.com/watch?v=nGc2Mfh0oDw,0.43,TRUE
static stretching series,,,0.00,TRUE
static to dynamic pull ups,,,0.00,TRUE
Stationary Cable Core Eccentrics,,,0.00,TRUE
stationary low to high cable pull,High Cable Pull,https://www.youtube.com/watch?v=3694cgLt5aI,0.56,TRUE
suitcases,Suitcases,https://www.youtube.com/watch?v=-FV6-vaYfm8,1.00,false
summersalts,,,0.00,TRUE
Sumo DB RDL,DB RDL,https://www.youtube.com/watch?v=iGiH7rOYLhM,0.79,TRUE
Sumo Goblet Squats,,,0.00,TRUE
supermans,,,0.00,TRUE
T Reverse Sled Walk,T Hold Backwards Sled Walk,https://www.youtube.com/watch?v=HgkQ7bRhzRs,0.50,TRUE
t spine extensions from bench,T Spine Flexion Extension From Bench,https://www.youtube.com/watch?v=k2TTn5h6ORM,0.64,TRUE
T Spine Mob from Bench,T Spine Flexion Extension From Bench,https://www.youtube.com/watch?v=k2TTn5h6ORM,0.57,TRUE
T Spine Windmill w/ Foam Roller,Windmill Stretch with Foam Roller,https://www.youtube.com/watch?v=wUc-V64oSnE,0.46,TRUE
t-spine extensions pails and rails,Pails/Rails,https://www.youtube.com/watch?v=ryKSc3QFXJo,0.39,TRUE
t-spine extensions pails and rails with green or blue band,,,0.00,TRUE
tall kneeling mb toss to slam,Tall Kneeling MB Throw,https://www.youtube.com/watch?v=vmKoSZm2X4I,0.58,TRUE
tippy toe walks,,,0.00,TRUE
toe reach,,,0.00,TRUE
Trap Bar Deadlifts,Trap Bar Deadlift,https://www.youtube.com/watch?v=vadl7QJ7FJM,0.68,TRUE
TRX Hamstring Curl,TRX Bridges,https://www.youtube.com/watch?v=TzoOmNDtngk,0.58,TRUE
trx hip lifts,TRX Bridges,https://www.youtube.com/watch?v=TzoOmNDtngk,0.60,TRUE
TRX Push Up,TRX Push Up,https://www.youtube.com/watch?v=LC1ft-_JmeY,1.00,false
TRX push up ISO holds,TRX Push Up,https://www.youtube.com/watch?v=LC1ft-_JmeY,0.73,TRUE
TRX Push Up w/Scapula Rotation,TRX Push Up,https://www.youtube.com/watch?v=LC1ft-_JmeY,0.62,TRUE
TRX Y,TRX Bridges,https://www.youtube.com/watch?v=TzoOmNDtngk,0.67,TRUE
Unilateral DB Farmer Walks,SA DB Farmer Walk,https://www.youtube.com/watch?v=5w5wtmu4Zq8,0.46,TRUE
Unilateral DB farmers walk Hammer Curls,DB Hammer Curls,https://www.youtube.com/watch?v=ESj6wvb-qyk,0.49,TRUE
vert jump onto boxes,,,0.00,TRUE
wall juggle,Wall High Knee,https://www.youtube.com/watch?v=yGadlk5ef5M,0.35,TRUE
Wall Slide w/ Lift Off to Swimmers,Y Wall Slides To Lift Off,https://www.youtube.com/watch?v=62kr6q5WACU,0.45,TRUE
Wall Splits,Y Wall Slide,https://www.youtube.com/watch?v=Tn1matbVpbU,0.38,TRUE
weighted dips,Bench Dips,https://www.youtube.com/watch?v=Ym3WUFeDkGo,0.42,TRUE
Y Reverse Sled Walk,Y Sled Walk,https://www.youtube.com/watch?v=nlr1QS4K-cI,0.68,TRUE
yoga ball plank circles,,,0.00,TRUE
yoga push,Yoga Push Up,https://www.youtube.com/watch?v=cFyn_zWZJBU,0.70,TRUE
Med Ball Scoop Throw,,,0.00,TRUE
Wall walks,,,0.00,TRUE
superman holds,,,0.00,TRUE
Nordic Curls,Cable Curls,https://www.youtube.com/watch?v=2p_XaFXEmMY,0.40,TRUE
Explosive calf raises,DB Calf Raises,https://www.youtube.com/watch?v=1rczXb9XK0o,0.53,TRUE
DB Incline Press,Incline DB Bench Press,https://www.youtube.com/watch?v=AOktha2jCuw,0.65,TRUE
Reverse step-ups,DB Step Ups,https://www.youtube.com/watch?v=KExxTPKs0v4,0.51,TRUE
Glute Bridge Marches,Glute Bridge Slides,https://www.youtube.com/watch?v=wviGNxKU-ZI,0.60,TRUE
Pike Push-Ups,Medicine Ball Push Ups,https://www.youtube.com/watch?v=_MMiLU6R3xA,0.44,TRUE
Glute Bridge Walkouts,Glute Bridge Slides,https://www.youtube.com/watch?v=wviGNxKU-ZI,0.59,TRUE
Active Hip-flexor stretch,Seated SL Hip Flexor Stretch With Cones,https://www.youtube.com/watch?v=pjl4bpWVbqE,0.43,TRUE
Pull Ups,Pull Up,https://www.youtube.com/watch?v=Be9ifIlwLWU,0.55,TRUE
Shrugs,,,0.00,TRUE
TRX Archer Row,TRX Inverted Elevated Row,https://www.youtube.com/watch?v=E8fZLrjaKfY,0.61,TRUE
Band Pull-Aparts,Band Supported Pull Up,https://www.youtube.com/watch?v=H_-GtIDNNsk,0.37,TRUE
Glute Bridge March With Band,Glute Bridge Slides,https://www.youtube.com/watch?v=wviGNxKU-ZI,0.47,TRUE
Eccentric TRX Row,TRX Bridges,https://www.youtube.com/watch?v=TzoOmNDtngk,0.52,TRUE
Reverse Lunges,Reverse Hyper,https://www.youtube.com/watch?v=jDvpy4D_32M,0.46,TRUE
Med Ball Overhead Slam,,,0.00,TRUE
Dynamic Warm-Up,,,0.00,TRUE
TRX IYT Raises,TRX Bridges,https://www.youtube.com/watch?v=TzoOmNDtngk,0.62,TRUE
Hamstring Curl,Nordic Hamstring Curl,https://www.youtube.com/watch?v=BEmD-Uhcz8c,0.67,TRUE
Bicep Curls,Banded Bicep Curls,https://www.youtube.com/watch?v=YcojJvP99qk,0.64,TRUE
Wide Push-Ups,Wide Push Up,https://www.youtube.com/watch?v=OHdlYdKjfGE,0.67,TRUE
Lateral Raise holds,Lateral Scorpions,https://www.youtube.com/watch?v=3goth_uD0wU,0.36,TRUE
Hammer Curls,DB Hammer Curls,https://www.youtube.com/watch?v=ESj6wvb-qyk,0.63,TRUE
Glute bridge hold,Glute Bridge Slides,https://www.youtube.com/watch?v=wviGNxKU-ZI,0.59,TRUE
Cuban Press,,,0.00,TRUE
TRX SA Row with Hold,TRX Inverted Elevated Row,https://www.youtube.com/watch?v=E8fZLrjaKfY,0.51,TRUE
Jump Squats,KB Squats,https://www.youtube.com/watch?v=UanKNRvFoJY,0.36,TRUE
Jump Lunges,,,0.00,TRUE
Sled Push March,Weight Push Sled Walk,https://www.youtube.com/watch?v=TomJd3yhIVU,0.35,TRUE
Glute Bride Marches,Glute Bridge Slides,https://www.youtube.com/watch?v=wviGNxKU-ZI,0.39,TRUE
TRX Assisted Nordic Curl,TRX Bridges,https://www.youtube.com/watch?v=TzoOmNDtngk,0.49,TRUE
Face Pulls,Cable Face-pulls,https://www.youtube.com/watch?v=KIAvSlmcYY4,0.65,TRUE
Sled March,Sled Walk,https://www.youtube.com/watch?v=21Jy4mXJVc0,0.44,TRUE
Skull Crusher,,,0.00,TRUE
SA Band Skull Crusher,SA Banded Pulls,https://www.youtube.com/watch?v=9ckw-tczBOI,0.42,TRUE
Speed Skater,,,0.00,TRUE
Ankle Mobility Drill,,,0.00,TRUE
Lateral Bounds,Lateral Bounds,https://www.youtube.com/watch?v=8IcgdSicZlo,1.00,false
Explosive Wide Push-Ups,Wide Push Up,https://www.youtube.com/watch?v=OHdlYdKjfGE,0.45,TRUE
Weighted Glute Bridge Hold,Glute Bridge Slides,https://www.youtube.com/watch?v=wviGNxKU-ZI,0.42,TRUE
Calf raise hold,,,0.00,TRUE
Elevated pike Push ups,Elevated Yoga Push Up,https://www.youtube.com/watch?v=qBnftxCj6c8,0.51,TRUE
Band Close-Grip Tricep Extensions,DB Tricep Extensions,https://www.youtube.com/watch?v=3yBziKffkUI,0.44,TRUE
Hammer Curl to Press,,,0.00,TRUE
Single Leg DB RDL,DB SL RDL,https://www.youtube.com/watch?v=0boQhHz89v8,0.83,TRUE
Half Kneeling DB Arnold Press,Incline DB Bench Press,https://www.youtube.com/watch?v=AOktha2jCuw,0.41,TRUE
DB Standing Calf Raise,DB Calf Raises,https://www.youtube.com/watch?v=1rczXb9XK0o,0.50,TRUE
Triceps Dips on rings,,,0.00,TRUE
Sled Push,Sled Walk,https://www.youtube.com/watch?v=21Jy4mXJVc0,0.42,TRUE
Archer Push ups,Medicine Ball Push Ups,https://www.youtube.com/watch?v=_MMiLU6R3xA,0.44,TRUE
KB Push Press,DB KB Bench Press,https://www.youtube.com/watch?v=kqvr19FNuVo,0.47,TRUE
Hollow Hold,,,0.00,TRUE
lunge jumps,Hurdle Jumps,https://www.youtube.com/watch?v=6hnegrubb3k,0.47,TRUE
Step Up to jump,,,0.00,TRUE
Weighted Vest Pike Push Ups,,,0.00,TRUE
Eccentric Goblet Squat,,,0.00,TRUE
Weighted Sit Up Reach,,,0.00,TRUE
Eccentric Lateral Raise,,,0.00,TRUE
TRX Cossack Squats,TRX Bridges,https://www.youtube.com/watch?v=TzoOmNDtngk,0.56,TRUE
TRX Elevated Push-Up Hold,TRX Push Up,https://www.youtube.com/watch?v=LC1ft-_JmeY,0.70,TRUE
Weighted Push-Up Hold,Wide Push Up,https://www.youtube.com/watch?v=OHdlYdKjfGE,0.45,TRUE
TRX Face Pull Row,TRX Inverted Elevated Row,https://www.youtube.com/watch?v=E8fZLrjaKfY,0.56,TRUE
TRX Glute Bridge,TRX Bridges,https://www.youtube.com/watch?v=TzoOmNDtngk,0.62,TRUE
KB Suitcase Wall Sit,SL Calf Raise Wall Sit,https://www.youtube.com/watch?v=zoNwE3bR2YI,0.35,TRUE
KB Upright Rows,KB Squats,https://www.youtube.com/watch?v=UanKNRvFoJY,0.38,TRUE
Kettlebell Magic Bus,KB Squats,https://www.youtube.com/watch?v=UanKNRvFoJY,0.39,TRUE
Kneeling Band Press,Kneeling SA Landmine Press,https://www.youtube.com/watch?v=Ep5ex0vDVC0,0.41,TRUE
Kneeling Med Ball Power Toss,Lying Med Ball Press,https://www.youtube.com/watch?v=2wFMMBNeeyY,0.41,TRUE
Band Overhead Triceps Extensions,DB OH Tricep Extension,https://www.youtube.com/watch?v=FZivby4swq4,0.38,TRUE
Rear Delt Flys DB,,,0.00,TRUE
Band Wall Angels,,,0.00,TRUE
Lateral Band Step-Over,,,0.00,TRUE
Med Ball Russian Twists,Medicine Ball Russian Twists,https://www.youtube.com/watch?v=5PbRTv2AdKw,0.69,TRUE
Scapular Push-Ups,Medicine Ball Push Ups,https://www.youtube.com/watch?v=_MMiLU6R3xA,0.44,TRUE
Med Ball Kneeling Punch Throw,Tall Kneeling MB Throw,https://www.youtube.com/watch?v=vmKoSZm2X4I,0.43,TRUE
Floor Press with Slow Eccentric,,,0.00,TRUE
Wall Sit with Med Ball,Wall Sit With Knee Lift,https://www.youtube.com/watch?v=YHKptWJJFWo,0.44,TRUE
Face Pulls (Band),Cable Face-pulls,https://www.youtube.com/watch?v=KIAvSlmcYY4,0.42,TRUE
Step Ups W Knee Drive,,,0.00,TRUE
Archer Push-Ups,Medicine Ball Push Ups,https://www.youtube.com/watch?v=_MMiLU6R3xA,0.44,TRUE
Step Through Lunges,,,0.00,TRUE
DB Floor Press with Band,DB Press Outs,https://www.youtube.com/watch?v=nN4s53qn16U,0.48,TRUE
DB Goblet Squat,DB Bulgarian Split Squat,https://www.youtube.com/watch?v=qhgRFkbfCDw,0.48,TRUE
DB Hip Thrust,DB I's,https://www.youtube.com/watch?v=jbT_JWOCZcI,0.37,TRUE
KB Front Rack Step-Back Lunge,,,0.00,TRUE
Speed Step ups,DB Step Ups,https://www.youtube.com/watch?v=KExxTPKs0v4,0.54,TRUE
Alternating DB Z Press,Incline DB Bench Press,https://www.youtube.com/watch?v=AOktha2jCuw,0.41,TRUE
TRX Squat-to-Row,TRX Inverted Elevated Row,https://www.youtube.com/watch?v=E8fZLrjaKfY,0.61,TRUE
Speed Band Push-Up,Banded Push Up,https://www.youtube.com/watch?v=EIi2Wf1Yqs4,0.46,TRUE
Dumbbell Arnold Press,DB Bench Press,https://www.youtube.com/watch?v=vtU7w_hyMa4,0.60,TRUE
KB Hammer Curl,DB Hammer Curls,https://www.youtube.com/watch?v=ESj6wvb-qyk,0.39,TRUE
KB Lateral Lunge,Lateral Lunge,https://www.youtube.com/watch?v=w6C-U9OrCrQ,0.62,TRUE
Speed Split Squat Jumps W/ Vest,,,0.00,TRUE
Weight Sled Push,Weight Push Sled Walk,https://www.youtube.com/watch?v=TomJd3yhIVU,0.68,TRUE
Hanging Windshield Wipers,,,0.00,TRUE
Band Dead Bug Pull-Down,,,0.00,TRUE
Half Kneeling Med Ball Rotational Chest Press,Lying Med Ball Press,https://www.youtube.com/watch?v=2wFMMBNeeyY,0.39,TRUE
Throwdowns,,,0.00,TRUE
Band Curl-to-Press,,,0.00,TRUE
Scap Push Up,Push Up,https://www.youtube.com/watch?v=6IjDFL2BdKs,0.63,TRUE
Explosive Step-Ups,DB Step Ups,https://www.youtube.com/watch?v=KExxTPKs0v4,0.50,TRUE
Eccentric Walking Lunges,,,0.00,TRUE
Seated KB See-Saw Press,Seated DB Shoulder Press,https://www.youtube.com/watch?v=yNgGE8rH0pA,0.40,TRUE
Eccentric Straight Leg Raises,Hanging Straight Leg Raises,https://www.youtube.com/watch?v=Za1DUWepySM,0.65,TRUE
Eccentric Step Down,,,0.00,TRUE
TRX Archer Push Up,TRX Push Up,https://www.youtube.com/watch?v=LC1ft-_JmeY,0.82,TRUE
Eccentric Single Leg Glute Bridge,SL Elevated Glute Bridges,https://www.youtube.com/watch?v=ei593QBtVvA,0.44,TRUE
Shoulder ER,Shoulder Taps,https://www.youtube.com/watch?v=kwXX1uAnwRw,0.48,TRUE
Band Bicep Curl,Cable Bicep Curl,https://www.youtube.com/watch?v=WmaxT1BUfJg,0.60,TRUE
TRX Hanging Leg Raise,TRX Bridges,https://www.youtube.com/watch?v=TzoOmNDtngk,0.53,TRUE
Single Leg box squats,Single Leg Box Jump,https://www.youtube.com/watch?v=B_18GKuVs0k,0.66,TRUE
TRX High Row,TRX Bridges,https://www.youtube.com/watch?v=TzoOmNDtngk,0.60,TRUE
Eccentric Kettle Bell Squat,,,0.00,TRUE
TRX I-Y-T,TRX T Pulls,https://www.youtube.com/watch?v=WEGEv78g5eY,0.66,TRUE
TRX Inverted Row,TRX Inverted Elevated Row,https://www.youtube.com/watch?v=E8fZLrjaKfY,0.82,TRUE
Dumbbell Z-Press,DB Bench Press,https://www.youtube.com/watch?v=vtU7w_hyMa4,0.60,TRUE
Dumbbell Floor Press,DB Bench Press,https://www.youtube.com/watch?v=vtU7w_hyMa4,0.60,TRUE
TRX Push-Ups,TRX Push Up,https://www.youtube.com/watch?v=LC1ft-_JmeY,0.79,TRUE
TRX Rear Delt Fly,TRX Bridges,https://www.youtube.com/watch?v=TzoOmNDtngk,0.53,TRUE
Dips,Bench Dips,https://www.youtube.com/watch?v=Ym3WUFeDkGo,0.46,TRUE
TRX Rear Foot Elevated Lunge,TRX Inverted Elevated Row,https://www.youtube.com/watch?v=E8fZLrjaKfY,0.55,TRUE
TRX Scap Push Up,TRX Push Up,https://www.youtube.com/watch?v=LC1ft-_JmeY,0.84,TRUE
TRX Y Raise,TRX Bridges,https://www.youtube.com/watch?v=TzoOmNDtngk,0.62,TRUE
DB Seated Toe Raises,DB Calf Raises,https://www.youtube.com/watch?v=1rczXb9XK0o,0.50,TRUE
Unilateral A Skips,A Skips,https://www.youtube.com/watch?v=dQdQyvzK9fA,0.42,TRUE
DB Lateral to Front Raise,DB Later Shoulder Raise,https://www.youtube.com/watch?v=0Q8gB5UQwCY,0.48,TRUE
DB JM Press,DB Bench Press,https://www.youtube.com/watch?v=vtU7w_hyMa4,0.60,TRUE
Workout,,,0.00,TRUE
DB High Pulls,DB Hammer Curls,https://www.youtube.com/watch?v=ESj6wvb-qyk,0.39,TRUE
A skips,A Skips,https://www.youtube.com/watch?v=dQdQyvzK9fA,1.00,false
Wall Angels With Band,,,0.00,TRUE
Zottman Curl,Leg Curl,https://www.youtube.com/watch?v=p6p9tn_z8xs,0.37,TRUE
Broad Jump to Stick Landing,,,0.00,TRUE
Wall Sit Holds,Wall Sit With Knee Lift,https://www.youtube.com/watch?v=YHKptWJJFWo,0.46,TRUE
Marches w/ Arm Drive + Pause,,,0.00,TRUE
Basketball Bump,,,0.00,TRUE
Loaded Calf Raise,Barbell Calf Raises,https://www.youtube.com/watch?v=ZJCbBUSr5mk,0.37,TRUE
Wall sit With Resistance Band,Wall Sit With Knee Lift,https://www.youtube.com/watch?v=YHKptWJJFWo,0.40,TRUE
Banded Triceps Extension Burnout,,,0.00,TRUE
Lateral Sled Drag,Lateral Leg Swing,https://www.youtube.com/watch?v=0Znd1GPvOVg,0.38,TRUE
Overhead KB walks,Off Set KB Walks,https://www.youtube.com/watch?v=J0jb03wk9rw,0.54,TRUE
Landmine Lateral Squat,Single Leg Lateral Squat,https://www.youtube.com/watch?v=pErj1JybRXk,0.51,TRUE
Kneeling KB Push Press,Kneeling SA KB Press,https://www.youtube.com/watch?v=UDIuMnCQ05c,0.52,TRUE
Kneeling KB Halo,Kneeling SA KB Press,https://www.youtube.com/watch?v=UDIuMnCQ05c,0.42,TRUE
Pistol squat negatives,,,0.00,TRUE
KB Z Curls,KB Squats,https://www.youtube.com/watch?v=UanKNRvFoJY,0.44,TRUE
Plank with Banded Row,Plank Slides,https://www.youtube.com/watch?v=mbr-zl-w31s,0.35,TRUE
KB Incline Floor Press,DB KB Bench Press,https://www.youtube.com/watch?v=kqvr19FNuVo,0.35,TRUE
KB Goblet Squat,KB Bulgarian Split Squat,https://www.youtube.com/watch?v=0mnb3BqVn1Y,0.49,TRUE
Banded Lateral Walks,Banded Lateral Plank Walk,https://www.youtube.com/watch?v=Dgi-R7DuG9Q,0.53,TRUE
Banded Hip Airplanes,,,0.00,TRUE
Pseudo Planche Holds,,,0.00,TRUE
20 yard sprint,,,0.00,TRUE
Push-Ups,Push Up,https://www.youtube.com/watch?v=6IjDFL2BdKs,0.55,TRUE
KB Curl to Press,DB KB Bench Press,https://www.youtube.com/watch?v=kqvr19FNuVo,0.46,TRUE
KB Bottoms Up Carry,,,0.00,TRUE
Isometric Row hold,,,0.00,TRUE
Sled Lateral Drag,,,0.00,TRUE
Eccentric Single Leg Hamstring Curl,SL Hamstring Curl,https://www.youtube.com/watch?v=RTzXIh9FGeU,0.77,TRUE
Dumbbell Z Press,DB Bench Press,https://www.youtube.com/watch?v=vtU7w_hyMa4,0.60,TRUE
Dumbbell Tate Press,DB Bench Press,https://www.youtube.com/watch?v=vtU7w_hyMa4,0.60,TRUE
Dumbbell Romanian Deadlift,DB RDL,https://www.youtube.com/watch?v=iGiH7rOYLhM,1.00,false
Isometric OH DB Hold,Lying OH DB Pullover,https://www.youtube.com/watch?v=pZBRqgzETYg,0.40,TRUE
Sharks & Minos,,,0.00,TRUE
Sled Push and Stop Sprint,,,0.00,TRUE
Eccentric Single Leg Hamstring Curl on Ball,SL Hamstring Curl,https://www.youtube.com/watch?v=RTzXIh9FGeU,0.58,TRUE
Dumbbell Cuban Rotations,DB 90% Rotations,https://www.youtube.com/watch?v=oSeWrb2Xun4,0.62,TRUE
hill sprints,Sled Sprints,https://www.youtube.com/watch?v=13msPgWZ0r8,0.47,TRUE
Eccentric Single Leg Weighted Squat,Elevated SL Squat,https://www.youtube.com/watch?v=EuUl_YOxMPE,0.52,TRUE
KB Half Kneeling Shoulder Press,Seated DB Shoulder Press,https://www.youtube.com/watch?v=yNgGE8rH0pA,0.39,TRUE
Seated Tibials Raises,Seated Squat Calf Raises,https://www.youtube.com/watch?v=-bltN69UXnk,0.51,TRUE
Double KB Front Rack Bulgarian Split Squat,KB Bulgarian Split Squat,https://www.youtube.com/watch?v=0mnb3BqVn1Y,0.60,TRUE
Double Heiden to Sprint,,,0.00,TRUE
Dodgeball,,,0.00,TRUE
Iso pistol squat hold,,,0.00,TRUE
Diamond Pike Push-Ups,Diamond Push Up,https://www.youtube.com/watch?v=flueznWIU_o,0.53,TRUE
Diamond Archer Push-Ups,Diamond Push Up,https://www.youtube.com/watch?v=flueznWIU_o,0.50,TRUE
speed clap Push-ups,Medicine Ball Push Ups,https://www.youtube.com/watch?v=_MMiLU6R3xA,0.40,TRUE
Depth box jump to sprint,45% Box Jump,https://www.youtube.com/watch?v=EVaKeSztA6A,0.41,TRUE
Deep Step Through Lunges,,,0.00,TRUE
KB Front Rack Wall Sit Hold,,,0.00,TRUE
DB Z Press with Twist,DB Press Outs,https://www.youtube.com/watch?v=nN4s53qn16U,0.53,TRUE
TRX Rear Step Lunge,TRX Bridges,https://www.youtube.com/watch?v=TzoOmNDtngk,0.52,TRUE
DB Weighted Lunges,DB Reverse Lunge,https://www.youtube.com/watch?v=WpPDPqCSZoI,0.40,TRUE
Speed Deadlift,Sumo Deadlift,https://www.youtube.com/watch?v=3t1-PmGjfNQ,0.49,TRUE
TRX Reverse Fly,TRX Bridges,https://www.youtube.com/watch?v=TzoOmNDtngk,0.58,TRUE
Speed Depth Squats,,,0.00,TRUE
Speed Dips,Bench Dips,https://www.youtube.com/watch?v=Ym3WUFeDkGo,0.40,TRUE
Speed Dumbbell Z Press,Banded DB Bench Press,https://www.youtube.com/watch?v=6QF6GzI-_mc,0.47,TRUE
TRX Rows,TRX Bridges,https://www.youtube.com/watch?v=TzoOmNDtngk,0.69,TRUE
Seated Tibialis Raises,Seated Squat Calf Raises,https://www.youtube.com/watch?v=-bltN69UXnk,0.49,TRUE
Speed Goblet Box Squats,,,0.00,TRUE
DB Suitcase Deadlift,DB RDL,https://www.youtube.com/watch?v=iGiH7rOYLhM,0.58,TRUE
Speed jump Luges,,,0.00,TRUE
Speed Jump Squats,,,0.00,TRUE
Speed Lateral Bounds,Lateral Bounds,https://www.youtube.com/watch?v=8IcgdSicZlo,0.68,TRUE
DB Step Up W/ Knee Drive,DB Step Ups,https://www.youtube.com/watch?v=KExxTPKs0v4,0.39,TRUE
Banded Pull Aparts,Banded Sumo Pull Throughs,https://www.youtube.com/watch?v=NUJ_IR9SQt8,0.45,TRUE
Eccentric Squat Jump,,,0.00,TRUE
Seated Rows,Barbell Rows,https://www.youtube.com/watch?v=VruOUqnu-_I,0.40,TRUE
TRX Wide Grip Row,TRX Inverted Elevated Row,https://www.youtube.com/watch?v=E8fZLrjaKfY,0.56,TRUE
Weighted Vest Wall Sit,,,0.00,TRUE
Speed Single Leg Jumps,SL Hurdle Jumps,https://www.youtube.com/watch?v=wHqbsYtlC24,0.53,TRUE
Speed Single-Leg Jumps,SL Hurdle Jumps,https://www.youtube.com/watch?v=wHqbsYtlC24,0.53,TRUE
Band Bicep Curls,Banded Bicep Curls,https://www.youtube.com/watch?v=YcojJvP99qk,0.66,TRUE
Red Light Green Light,,,0.00,TRUE
Speed Squat BB,BB Squat,https://www.youtube.com/watch?v=jW1CPvulxhU,0.51,TRUE
Eccentric SSB Reverse Lunge,SSB Reverse Lunge,https://www.youtube.com/watch?v=2lS_OJyOEqM,0.80,TRUE
30 yard sprint,,,0.00,TRUE
Seated Med Ball Throw to Partner,,,0.00,TRUE
Seated Med Ball Throw,Step Back Medicine Ball Throw,https://www.youtube.com/watch?v=Y-w8KNLsJWA,0.41,TRUE
Tug of War,,,0.00,TRUE
Team Juggle,,,0.00,TRUE
KB Drop Catch Humps,,,0.00,TRUE
DB Seated Hammer Curls,Seated DB Hammer Curls,https://www.youtube.com/watch?v=g1MPGaVoiU4,0.80,TRUE
DB Pause Reverse Lunge,DB Reverse Lunge,https://www.youtube.com/watch?v=WpPDPqCSZoI,0.76,TRUE
Whiffle Ball,,,0.00,TRUE
DB Loaded Calf Raises,DB Calf Raises,https://www.youtube.com/watch?v=1rczXb9XK0o,0.75,TRUE
Seated Med Ball Slams,Medicine Ball Slams,https://www.youtube.com/watch?v=ywXIzVyJQJ4,0.49,TRUE
Speed Wide Push-Ups,Wide Push Up,https://www.youtube.com/watch?v=OHdlYdKjfGE,0.49,TRUE
KB Curls 21s,KB Squats,https://www.youtube.com/watch?v=UanKNRvFoJY,0.39,TRUE
Eccentric Static Lunge,,,0.00,TRUE
DB Lateral Raises,DB Calf Raises,https://www.youtube.com/watch?v=1rczXb9XK0o,0.60,TRUE
DB Lateral Raise,DB Later Shoulder Raise,https://www.youtube.com/watch?v=0Q8gB5UQwCY,0.53,TRUE
split squat jumps,Split Stance Jumps,https://www.youtube.com/watch?v=2kZMtdOR0NQ,0.59,TRUE
Individual Finger Catches,,,0.00,TRUE
DB Incline Z Press,Incline DB Bench Press,https://www.youtube.com/watch?v=AOktha2jCuw,0.53,TRUE
Seated KB Arnold Press,DB KB Bench Press,https://www.youtube.com/watch?v=kqvr19FNuVo,0.45,TRUE
DB Incline Hex Press,Incline DB Bench Press,https://www.youtube.com/watch?v=AOktha2jCuw,0.52,TRUE
3 cone Sprint Backpedal Sprint,,,0.00,TRUE
DB Incline Floor Press,Incline DB Bench Press,https://www.youtube.com/watch?v=AOktha2jCuw,0.47,TRUE
Eccentric Trap Raise from Bench,,,0.00,TRUE
prone to sprint,Prone Scorpion,https://www.youtube.com/watch?v=L7JO2vZ3Xt0,0.46,TRUE
Incline DB Hex Press,Incline DB Bench Press,https://www.youtube.com/watch?v=AOktha2jCuw,0.70,TRUE
Sprint ball pick ups,Medicine Ball Push Ups,https://www.youtube.com/watch?v=_MMiLU6R3xA,0.44,TRUE
Squat to Jump,,,0.00,TRUE
A skip Backwards,,,0.00,TRUE
Eccentric TRX Triceps Extension,TRX Bridges,https://www.youtube.com/watch?v=TzoOmNDtngk,0.47,TRUE
Eccentric V Ups,,,0.00,TRUE
"walk , jog, run, sprint",,,0.00,TRUE
Db farmer walks,SA DB Farmer Walk,https://www.youtube.com/watch?v=5w5wtmu4Zq8,0.45,TRUE
DB Deficit Floor Press,DB Bench Press,https://www.youtube.com/watch?v=vtU7w_hyMa4,0.48,TRUE
DB Alternating Splits Squat Jumps,DB Bulgarian Split Squat,https://www.youtube.com/watch?v=qhgRFkbfCDw,0.42,TRUE
"Walk, jog , sprint",,,0.00,TRUE
Curveballs,,,0.00,TRUE
Curveball Blocks,,,0.00,TRUE
8 cone speed drill,,,0.00,TRUE
60 yard sprint,,,0.00,TRUE
Weighted Glute Bridge on Bench,Glute Bridge Slides,https://www.youtube.com/watch?v=wviGNxKU-ZI,0.39,TRUE
Standing DB Calf Raises,DB Calf Raises,https://www.youtube.com/watch?v=1rczXb9XK0o,0.73,TRUE
Crab sprints,Sled Sprints,https://www.youtube.com/watch?v=13msPgWZ0r8,0.47,TRUE
Concentration Curls,Cable Curls,https://www.youtube.com/watch?v=2p_XaFXEmMY,0.37,TRUE
College Lifting Program,,,0.00,TRUE
50 yard build ups,,,0.00,TRUE
Capture The Flag,,,0.00,TRUE
Explosive Archer Push-Ups,Medicine Ball Push Ups,https://www.youtube.com/watch?v=_MMiLU6R3xA,0.39,TRUE
5-10-5 shuttle drill,,,0.00,TRUE
Standing KB Calf Raise,Standing KB Side Stretch,https://www.youtube.com/watch?v=Ba0wtCnIMek,0.47,TRUE
Burpee Flip Cup,,,0.00,TRUE
Banded Close Grip Push Ups,Banded Push Up,https://www.youtube.com/watch?v=EIi2Wf1Yqs4,0.42,TRUE
Bulgarian Split Squats Holds,DB Bulgarian Split Squat,https://www.youtube.com/watch?v=qhgRFkbfCDw,0.39,TRUE
Start stop sprints,Sled Sprints,https://www.youtube.com/watch?v=13msPgWZ0r8,0.35,TRUE
40 yard sprint,,,0.00,TRUE
Wall Handstand Push-ups,Medicine Ball Push Ups,https://www.youtube.com/watch?v=_MMiLU6R3xA,0.39,TRUE
Broad Jumps,Box Jumps,https://www.youtube.com/watch?v=bzZ3EgZHSJI,0.49,TRUE
Pseudo Planche Push-Ups Feet elevated,,,0.00,TRUE
Wall Sit Calf Raise,SL Calf Raise Wall Sit,https://www.youtube.com/watch?v=zoNwE3bR2YI,0.57,TRUE
Reverse Sled Walks,OH Pull Sled Walks,https://www.youtube.com/watch?v=M0CHCdXBqeQ,0.47,TRUE
Explosive frog jumps,,,0.00,TRUE
Box Jump half of PR,,,0.00,TRUE
Seated Calf Extension,Seated Squat Calf Raises,https://www.youtube.com/watch?v=-bltN69UXnk,0.41,TRUE
Box hurdles,Box Jumps,https://www.youtube.com/watch?v=bzZ3EgZHSJI,0.42,TRUE
Explosive pike push-ups,Medicine Ball Push Ups,https://www.youtube.com/watch?v=_MMiLU6R3xA,0.41,TRUE
Bodyweight Hip Thrust w/ 3 sec Hold,,,0.00,TRUE
suicide sprints,Sled Sprints,https://www.youtube.com/watch?v=13msPgWZ0r8,0.47,TRUE
4 cone sprint shuffle backpedal,,,0.00,TRUE
Band Shoulder Dislocates,Banded Shoulder Flys,https://www.youtube.com/watch?v=vCiFm6gbpcQ,0.35,TRUE
falling sprint starts,,,0.00,TRUE
BB Squat,BB Squat,https://www.youtube.com/watch?v=jW1CPvulxhU,1.00,false
MB Chest Pass,,,0.00,TRUE
Banded Good Mornings,Bow Bar Good Morning,https://www.youtube.com/watch?v=ia78QfRqFeE,0.36,TRUE
BB Hip Thrust,Barbell Catches,https://www.youtube.com/watch?v=pHaeH_UDSXA,0.37,TRUE
BB Bulgarian Split Squats,DB Bulgarian Split Squat,https://www.youtube.com/watch?v=qhgRFkbfCDw,0.53,TRUE
Fastballs,,,0.00,TRUE
MB Weighted Pistol Squat,,,0.00,TRUE
Flip (Baseball),,,0.00,TRUE
Meal 1 Separate each meal by same time (2 Hr Separation),,,0.00,TRUE
Meal 1 Separate each meal by same time (3 Hr Separation),,,0.00,TRUE
Meal 1 Separate each meal by same time (4 Hr Separation),,,0.00,TRUE
Meal 1 Separate each meal by same time (5 Hr Separation),,,0.00,TRUE
Meal 2 Separate each meal by same time (2 Hr Separation),,,0.00,TRUE
Meal 2 Separate each meal by same time (3 Hr Separation),,,0.00,TRUE
Meal 2 Separate each meal by same time (4 Hr Separation),,,0.00,TRUE
Meal 2 Separate each meal by same time (5 Hr Separation),,,0.00,TRUE
Meal 3 Separate each meal by same time (2 Hr Separation),,,0.00,TRUE
Meal 3 Separate each meal by same time (3 Hr Separation),,,0.00,TRUE
Meal 3 Separate each meal by same time (4 Hr Separation),,,0.00,TRUE
Meal 3 Separate each meal by same time (5 Hr Separation),,,0.00,TRUE
Meal 4 Separate each meal by same time (2 Hr Separation),,,0.00,TRUE
Meal 4 Separate each meal by same time (3 Hr Separation),,,0.00,TRUE
Meal 4 Separate each meal by same time (4 Hr Separation),,,0.00,TRUE
Meal 5 Separate each meal by same time (2 Hr Separation),,,0.00,TRUE
Meal 5 Separate each meal by same time (3 Hr Separation),,,0.00,TRUE
Meal 6 Separate each meal by same time (2 Hr Separation),,,0.00,TRUE
TK Drop Catch,,,0.00,TRUE
Scap Retractions on Wall,,,0.00,TRUE
Scap Push Ups,Medicine Ball Push Ups,https://www.youtube.com/watch?v=_MMiLU6R3xA,0.44,TRUE
2 Ball (Baseball),,,0.00,TRUE
Med Ball Scoop Throw to Broad Jump,Seated Broad Jump,https://www.youtube.com/watch?v=dW3nVjzozkg,0.35,TRUE
Lunge ISO Holds,,,0.00,TRUE
Mini Band Clamshells,,,0.00,TRUE
Mini Band Lateral Hops,Single Leg Lateral Hurdle Hops,https://www.youtube.com/watch?v=oXnZq0SiW6o,0.37,TRUE
Mini hurdle lateral shuffle,Single Leg Lateral Hurdle Hops,https://www.youtube.com/watch?v=oXnZq0SiW6o,0.36,TRUE
Basketball Horse / Pig,,,0.00,TRUE
push up start sprints,Push Up,https://www.youtube.com/watch?v=6IjDFL2BdKs,0.43,TRUE
Banded Wall Sits,Banded 3 Way Wall Slides,https://www.youtube.com/watch?v=ixyCQFwKG_U,0.45,TRUE
Banded Floor Press,Banded DB Bench Press,https://www.youtube.com/watch?v=6QF6GzI-_mc,0.45,TRUE
Push- Up Isometric Holds,Push Up,https://www.youtube.com/watch?v=6IjDFL2BdKs,0.42,TRUE
Reactive ball tracks,,,0.00,TRUE
Flying Tens,,,0.00,TRUE
Light Catch,,,0.00,TRUE
3 cone 5-10-5,,,0.00,TRUE
Leg Extension,Leg Extension,https://www.youtube.com/watch?v=M2zdNOS6dU4,1.00,false
lateral step up,Lateral Scorpions,https://www.youtube.com/watch?v=3goth_uD0wU,0.39,TRUE
Pushup To Sprint,,,0.00,TRUE
No Lift / Rest Day,,,0.00,TRUE
frog hops,Pogo Hops,https://www.youtube.com/watch?v=GRqsvbtTXSg,0.47,TRUE
Nordic Hamstring,Nordic Hamstring Curl,https://www.youtube.com/watch?v=BEmD-Uhcz8c,0.70,TRUE
lateral shuffle sprints,Lateral Lunge Slides,https://www.youtube.com/watch?v=6sKOAgQ6EYY,0.36,TRUE
Banded Triceps Extension,,,0.00,TRUE
Tibialis Hold,Tibialis Curl,https://www.youtube.com/watch?v=L7Rg6nXSsxE,0.48,TRUE
Lateral Raise,Lateral Lunge,https://www.youtube.com/watch?v=w6C-U9OrCrQ,0.48,TRUE
Lateral Med Ball Toss,Lying Med Ball Press,https://www.youtube.com/watch?v=2wFMMBNeeyY,0.43,TRUE
Sweet 16's,,,0.00,TRUE
lateral hurdle to sprint,Single Leg Lateral Hurdle Hops,https://www.youtube.com/watch?v=oXnZq0SiW6o,0.37,TRUE
Glute Bridges,Glute Bridge Slides,https://www.youtube.com/watch?v=wviGNxKU-ZI,0.42,TRUE
Lateral Band Walks,Lateral Bounds,https://www.youtube.com/watch?v=8IcgdSicZlo,0.39,TRUE
Goblet Reverse Lunge,DB Reverse Lunge,https://www.youtube.com/watch?v=WpPDPqCSZoI,0.59,TRUE
Landmine Rotational Clean to Press,,,0.00,TRUE
outfield lateral hip drop,,,0.00,TRUE
hip turn sprints,No Arm Sprints,https://www.youtube.com/watch?v=x8pj-AGKZQA,0.37,TRUE
Overhead Marches,Overhead Dowel Sprints,https://www.youtube.com/watch?v=1smIc0PSYCI,0.35,TRUE
Overhead Sled marches,OH Pull Sled Walks,https://www.youtube.com/watch?v=M0CHCdXBqeQ,0.47,TRUE
Wall-Headstand Hold,,,0.00,TRUE
Partner Mirror Shuffle,,,0.00,TRUE
Partner Races,,,0.00,TRUE
partner release sprint,,,0.00,TRUE
Partner Wagon Relay Race,,,0.00,TRUE
ladder drills,,,0.00,TRUE
Hanging Leg Raise,Hanging Straight Leg Raises,https://www.youtube.com/watch?v=Za1DUWepySM,0.49,TRUE
reactive jumps,Skater Jumps,https://www.youtube.com/watch?v=FClFewZHCVU,0.43,TRUE
Pepper,,,0.00,TRUE
4 cone call out,,,0.00,TRUE
Incline Chest Fly holds,,,0.00,TRUE
Ten Yard Sprint,,,0.00,TRUE
King Of The Hill,,,0.00,TRUE
Rollover Get Up + Sprint,,,0.00,TRUE
Rest,,,0.00,TRUE
Pistol Squats,KB Squats,https://www.youtube.com/watch?v=UanKNRvFoJY,0.41,TRUE
Pitchers vs Hitters Race,,,0.00,TRUE
Team Tag,,,0.00,TRUE
Kettlebell Lateral Raises,KB SL Lateral Lunge With Slider,https://www.youtube.com/watch?v=1iFPgK98kPA,0.37,TRUE
Resistance Band Lat Prayer Stretch,Resistance Band Overhead Reach,https://www.youtube.com/watch?v=PHzktqlK9-0,0.43,TRUE
High knee speed bands,,,0.00,TRUE
Eccentric One Leg Wall Slide,Y Wall Slide,https://www.youtube.com/watch?v=Tn1matbVpbU,0.36,TRUE
Side Plank With KB,Side Plank,https://www.youtube.com/watch?v=WjcZhsb0a6M,0.59,TRUE
Relay Race,,,0.00,TRUE
Eccentric Nordic Hamstring Curls,Nordic Hamstring Curl,https://www.youtube.com/watch?v=BEmD-Uhcz8c,0.50,TRUE
Banded reverse fly,Banded RFESS,https://www.youtube.com/watch?v=GJG6L57rU2I,0.37,TRUE
Single leg balance holds,Single Leg Hops,https://www.youtube.com/watch?v=afPTCjMfbbI,0.47,TRUE
KB Sumo Deadlift,Sumo Deadlift,https://www.youtube.com/watch?v=3t1-PmGjfNQ,0.62,TRUE
Eccentric Pull Up,Pull Up,https://www.youtube.com/watch?v=Be9ifIlwLWU,0.56,TRUE
Eccentric Leg Extensions,Leg Extension,https://www.youtube.com/watch?v=M2zdNOS6dU4,0.37,TRUE
Eccentric Push Up,Push Up,https://www.youtube.com/watch?v=6IjDFL2BdKs,0.56,TRUE
TRX Bicep Curl,TRX Bridges,https://www.youtube.com/watch?v=TzoOmNDtngk,0.59,TRUE
Eccentric Lateral Lunge,Lateral Lunge,https://www.youtube.com/watch?v=w6C-U9OrCrQ,0.63,TRUE
High knees,Wall High Knee,https://www.youtube.com/watch?v=yGadlk5ef5M,0.38,TRUE
SL balance point verts,SL Hamstring Curl,https://www.youtube.com/watch?v=RTzXIh9FGeU,0.38,TRUE
Eccentric Lat Pull Down,,,0.00,TRUE
Eccentric Single Arm Band Curl,SA Hangs,https://www.youtube.com/watch?v=Z8MCY1UJDVk,0.37,TRUE
High Knees w/ Max Intent,,,0.00,TRUE
Eccentric Hamstring Slider,,,0.00,TRUE
Eccentric Single Arm Cable Curl,SA Cable Rows,https://www.youtube.com/watch?v=vvU0YrO7hXM,0.52,TRUE
KB Overhead Stability Hold,,,0.00,TRUE
Power Skips,A Skips,https://www.youtube.com/watch?v=dQdQyvzK9fA,0.48,TRUE
Eccentric Dumbbell Triceps Extension,DB OH Tricep Extension,https://www.youtube.com/watch?v=FZivby4swq4,0.41,TRUE
SL Glute bridge hold w/ mb,SL Elevated Glute Bridges,https://www.youtube.com/watch?v=ei593QBtVvA,0.38,TRUE
Eccentric Dumbbell Shoulder Press,Seated DB Shoulder Press,https://www.youtube.com/watch?v=yNgGE8rH0pA,0.68,TRUE
Eccentric Dumbbell Bench Press,DB Bench Press,https://www.youtube.com/watch?v=vtU7w_hyMa4,0.72,TRUE
backwards box jump,Skater Jump to Box Jump,https://www.youtube.com/watch?v=pKylDPcebEE,0.50,TRUE
Eccentric Deadlift to Box Jump,Skater Jump to Box Jump,https://www.youtube.com/watch?v=pKylDPcebEE,0.40,TRUE
Eccentric Bulgarian Split Squat,KB Bulgarian Split Squat,https://www.youtube.com/watch?v=0mnb3BqVn1Y,0.65,TRUE
Eccentric Single Arm Cable Fly,SA Cable Rows,https://www.youtube.com/watch?v=vvU0YrO7hXM,0.51,TRUE
TRX Knee Tucks,TRX Bridges,https://www.youtube.com/watch?v=TzoOmNDtngk,0.59,TRUE
Eccentric Barbell Seal Row,BB Seal Row,https://www.youtube.com/watch?v=12y8LwIpGoo,0.70,TRUE
TRX Mountain Climbers,TRX Bridges,https://www.youtube.com/watch?v=TzoOmNDtngk,0.56,TRUE
Eccentric Barbell RDL,Barbell RDL,https://www.youtube.com/watch?v=19BGKeWnBpk,0.74,TRUE
backpedal,,,0.00,TRUE
Weighted sled push,Weight Push Sled Walk,https://www.youtube.com/watch?v=TomJd3yhIVU,0.47,TRUE
Eccentric Barbell Hip Thrust,,,0.00,TRUE
Eccentric Barbell Box Squat,BB Squat,https://www.youtube.com/watch?v=jW1CPvulxhU,0.49,TRUE
Weighted Vest Incline Push-Ups,,,0.00,TRUE
Eccentric Barbell Bench Press,DB Bench Press,https://www.youtube.com/watch?v=vtU7w_hyMa4,0.47,TRUE
Eccentric Ab Wheel,Ab Wheel,https://www.youtube.com/watch?v=OrZDosQVS9E,0.58,TRUE
Eccentric Single Arm Dumbbell Cable Row,SA DB Row,https://www.youtube.com/watch?v=NUSVbpODY3k,0.64,TRUE
B skip backwards,,,0.00,TRUE
SL Reverse Hyper Drop Catch Lying Face Down,,,0.00,TRUE
Eccentric Single Arm Dumbbell Row,SA DB Row,https://www.youtube.com/watch?v=NUSVbpODY3k,0.76,TRUE
Sl sprints,Single Leg Hops,https://www.youtube.com/watch?v=afPTCjMfbbI,0.57,TRUE
Eccentric Single Arm Triceps Cable Extension,SA Cable Rows,https://www.youtube.com/watch?v=vvU0YrO7hXM,0.42,TRUE
SL Squat w/Anterior Load,Single Leg Lateral Squat,https://www.youtube.com/watch?v=pErj1JybRXk,0.46,TRUE
Eccentric Single Leg Calf Raises,Kneeling SL Calf Raises,https://www.youtube.com/watch?v=twIDGN9Qdu8,0.70,TRUE
"Rock, Paper, Scissors Base Running",,,0.00,TRUE
