title,url
DB Squat To DB Shoulder Raise Squat,https://www.youtube.com/watch?v=jiKI64eFXzk
Kneeling Easy Curl Bar Rotations,https://www.youtube.com/watch?v=UvGrYZbuSpg
SA Hangs,https://www.youtube.com/watch?v=Z8MCY1UJDVk
Kneeling Flexion Extensions,https://www.youtube.com/watch?v=sbw0ARgU2dA
Single Leg KB Crossover To Hip ER,https://www.youtube.com/watch?v=Q2w6h8Yy4sk
Seated Alternating SL Lifts,https://www.youtube.com/watch?v=bOmp-z3_qY0
Seated Leg Lifts,https://www.youtube.com/watch?v=-y2BkB1B51w
Bent Over DB SA Iso Row,https://www.youtube.com/watch?v=gkh-zKIzRmo
Lateral Scorpions,https://www.youtube.com/watch?v=3goth_uD0wU
KB RDL To Reverse Lunge,https://www.youtube.com/watch?v=SGX9l7e7RJw
Rapid Fire Plate Grips,https://www.youtube.com/watch?v=5AwWDfPwvUA
Seated Forward Hip Thrusts To Extension,https://www.youtube.com/watch?v=dRIlbpD9BgY
Side Lying Plank SASL Touches,https://www.youtube.com/watch?v=ch-G3oi6Mio
Seated Wall Flutters,https://www.youtube.com/watch?v=-JQkh0NUtts
Lying T-Spine Towel Pulls,https://www.youtube.com/watch?v=cbTrWfcwVlc
Pushup Pause To Mountain Climber Pause,https://www.youtube.com/watch?v=F8kFLIp6FOI
Banded SL Rack Hurdles With Slide,https://www.youtube.com/watch?v=lpKAvDpEU8U
45 Degree Banded SL Lifts,https://www.youtube.com/watch?v=UIMSZTYp34U
Side Lying Flutters,https://www.youtube.com/watch?v=J59-KN5rM80
Standing KB Side Stretch,https://www.youtube.com/watch?v=Ba0wtCnIMek
Spine Walks With Overhead Plate Press,https://www.youtube.com/watch?v=XpuV-xK-BLQ
Curl Hold Rotation Pressouts,https://www.youtube.com/watch?v=Te3_4nEXqZQ
Upright Row Press Out,https://www.youtube.com/watch?v=sUxJhJSiot4
DB Around The World Raises,https://www.youtube.com/watch?v=5Ln1kw1YG6U
DB Press Outs,https://www.youtube.com/watch?v=nN4s53qn16U
DB 90% Rotations,https://www.youtube.com/watch?v=oSeWrb2Xun4
T Spine Barbell Holds,https://www.youtube.com/watch?v=-zy-BOrf7u4
Seated Squat Calf Raises,https://www.youtube.com/watch?v=-bltN69UXnk
Kneeling SL Calf Raises,https://www.youtube.com/watch?v=twIDGN9Qdu8
Elevated Barbell Squats,https://www.youtube.com/watch?v=2v8ltzERMu0
Reverse Squat With Cable Machine,https://www.youtube.com/watch?v=y_QTkmiza2M
Barbell SL Speed Step Ups,https://www.youtube.com/watch?v=lLnYMIu7krc
Split Stance Lunge SL Calf Raise With MB,https://www.youtube.com/watch?v=7ucLWfwx_30
SL Calf Raise Wall Sit,https://www.youtube.com/watch?v=zoNwE3bR2YI
Hip Liftoffs with Box,https://www.youtube.com/watch?v=LbTZr8QrFWs
T Spine Liftoffs with Elevated Bench From Floor,https://www.youtube.com/watch?v=yguvMqr57KA
Stability Ball SL MB Deceleration Drops,https://www.youtube.com/watch?v=_prk0tHXeOQ
Hurdle Slalom Hops,https://www.youtube.com/watch?v=FdwY6QCD5y8
Rapid Plate Hops,https://www.youtube.com/watch?v=YUH9x3v8kH8
Plyobox Reactive Hops,https://www.youtube.com/watch?v=SoKSY2A3dRg
Supine Hamstring Flutter,https://www.youtube.com/watch?v=Vr6vfOY_Q6I
Prone Psoas Flutter,https://www.youtube.com/watch?v=Cp3sa_xzgUE
Reactive Pushups With Band,https://www.youtube.com/watch?v=I5reWfQ_nqE
No Arm Sprints,https://www.youtube.com/watch?v=x8pj-AGKZQA
Overhead Dowel Sprints,https://www.youtube.com/watch?v=1smIc0PSYCI
Side Lying SL Hovers With KB,https://www.youtube.com/watch?v=jYQ6i7LbNWQ
Quadruped Stance SL Banded HIP ER With Bench,https://www.youtube.com/watch?v=2azsEDN46Qg
Quadruped Stance SL Banded HIP IR With Bench,https://www.youtube.com/watch?v=miFkduI6NiU
Dorsi Flexion Sprints,https://www.youtube.com/watch?v=Mgp-hn7cEjs
A Skip With Overhead Dowel,https://www.youtube.com/watch?v=p705Sio_l0s
Quadruped Reaches,https://www.youtube.com/watch?v=vPE6B3TjEOI
GHD Barbell Raises,https://www.youtube.com/watch?v=yWf7AP24ZS8
Kneeling SL Holds With Band,https://www.youtube.com/watch?v=m1qX1VlQNZg
Seated SL Lift Offs with Box,https://www.youtube.com/watch?v=v7FQcOirNXo
Kneeling SL Hip ER / IR Hovers With KB,https://www.youtube.com/watch?v=rv_dPZw-7uw
Seated SL Alternating Hovers with KB,https://www.youtube.com/watch?v=y7T67aUYxBs
Worlds Greatest Stretch,https://www.youtube.com/watch?v=V9lbMGIrR28
Reverse Lunge With Twist,https://www.youtube.com/watch?v=FI1VUh-ZHHw
Umpa,https://www.youtube.com/watch?v=eMH4w1Wj2wk
A Skip With Triple Hop Hurdles,https://www.youtube.com/watch?v=fOC3mOCOczw
Elevated Pigeon Holds,https://www.youtube.com/watch?v=5g4_LignMW8
Hip 90-90 Liftoff Holds,https://www.youtube.com/watch?v=SiXntzGN68I
Knee Drive To Wall Hip Flexors,https://www.youtube.com/watch?v=jQReKjHdmys
Kneels,https://www.youtube.com/watch?v=rKm29MgdjJc
Wall Sit With Knee Lift,https://www.youtube.com/watch?v=YHKptWJJFWo
90-90 Banded SL Hip ER/IR,https://www.youtube.com/watch?v=KxJZn0fRffo
Low Back G1,https://www.youtube.com/watch?v=f9qvb1XZ0PM
Seated SL Hip Flexor Stretch With Cones,https://www.youtube.com/watch?v=pjl4bpWVbqE
90/90 SL Foam Roller Kick Backs,https://www.youtube.com/watch?v=dPJVsJHOF4E
Rotational MB Box Jumps R / L,https://www.youtube.com/watch?v=r35xeLxVhDk
SA Banded Shoulder Impulses,https://www.youtube.com/watch?v=UyrvZZQ2yjQ
Physio Ball Half Moons,https://www.youtube.com/watch?v=OSMECaz-RVQ
Sumo Stance Trunk Hangs,https://www.youtube.com/watch?v=k7BAM1Dbd6M
Seated Overhead MB Tosses,https://www.youtube.com/watch?v=jSTWTcB2Pxc
Lying Exercise Ball Rebounders,https://www.youtube.com/watch?v=XDmrcSM4SRg
Plank Climbers,https://www.youtube.com/watch?v=3eOkjfQS7sQ
Bicycle Crunches,https://www.youtube.com/watch?v=25IsRcbdwXw
Heel Touches,https://www.youtube.com/watch?v=YRz76LppoHA
Quadruped Hip Slides,https://www.youtube.com/watch?v=Wd1P8qBUZAM
Flutter Kicks,https://www.youtube.com/watch?v=ryqK90kIoLw
Scissor Flutters,https://www.youtube.com/watch?v=AhAUycroMVM
Flutters,https://www.youtube.com/watch?v=_8tG9Y9Z6u8
DB Wrist Flexion & Extensions,https://www.youtube.com/watch?v=x5ilTobgj80
DB Wrist ER / IR,https://www.youtube.com/watch?v=M9Pj8ha7uCI
Sl Hop To Lateral Hop With Mat,https://www.youtube.com/watch?v=U4lRPnlvBK0
Sl hop to mat alternating,https://www.youtube.com/watch?v=07PZ0tAcypE
Plate Grip Walks,https://www.youtube.com/watch?v=oKtdWNQzAW4
Assisted SL MB Slams,https://www.youtube.com/watch?v=4WNWGyOL3gY
Banded Clap Pushups,https://www.youtube.com/watch?v=T-5z33pJD68
Barbell Catches,https://www.youtube.com/watch?v=pHaeH_UDSXA
Lateral Bounds,https://www.youtube.com/watch?v=8IcgdSicZlo
Explosive Pushup From Box,https://www.youtube.com/watch?v=l7HKcloRE58
Explosive Pushup Claps From Box,https://www.youtube.com/watch?v=xUErCSyMuJA
HIP IR With KB Holds,https://www.youtube.com/watch?v=wFy2xT0plZI
Split Stance Jumps,https://www.youtube.com/watch?v=2kZMtdOR0NQ
Water Bag Swings,https://www.youtube.com/watch?v=RrPpqiQ8zEw
Water Bag Lunge With Twist,https://www.youtube.com/watch?v=riJp1RFGUiA
KB SL Lateral Lunge With Slider,https://www.youtube.com/watch?v=1iFPgK98kPA
Lateral Lunge With Landmine,https://www.youtube.com/watch?v=Qs2o9JkaQ9A
SA Landmine Pull To Press,https://www.youtube.com/watch?v=hpVza5QMyZU
SL Landmine RDL Holds,https://www.youtube.com/watch?v=k8kgBlQH370
SL Landmine RDL,https://www.youtube.com/watch?v=ZGXs9mKTWyY
Banded Alternating Bicep Curls,https://www.youtube.com/watch?v=r42ntppAX-4
DB Overhand Curls,https://www.youtube.com/watch?v=71qVF22Hddw
DB Hammer Curls,https://www.youtube.com/watch?v=ESj6wvb-qyk
Cable Bicep Curl,https://www.youtube.com/watch?v=WmaxT1BUfJg
Push Up Plate Pull Throughs,https://www.youtube.com/watch?v=_wuIFSXqVN8
Side Plank Cable Pulls,https://www.youtube.com/watch?v=CtqIpJX-jao
One Knee Lateral Lean,https://www.youtube.com/watch?v=3lSaPFXIHE0
SL Weighted Knee Tuck,https://www.youtube.com/watch?v=FM9JbYP4zKw
SSB Bar Cross Arm Grip Squat,https://www.youtube.com/watch?v=U0sGrDlgCdg
SSB Bar Zombie Grip Squat,https://www.youtube.com/watch?v=TtARFkGGll0
SSB Bar Clean Grip Squat,https://www.youtube.com/watch?v=_bcRssC80Mg
Y Wall Slide,https://www.youtube.com/watch?v=Tn1matbVpbU
SL Hurdle Jumps,https://www.youtube.com/watch?v=wHqbsYtlC24
Hurdle Jumps,https://www.youtube.com/watch?v=6hnegrubb3k
Lateral Lunge with Plate Push,https://www.youtube.com/watch?v=ql18x-ECXRs
SA DB Bench Lat Row,https://www.youtube.com/watch?v=zjjSdWLyot4
SA Bench Supported DB Curl,https://www.youtube.com/watch?v=O3eKgrFZLTI
Bench Supported DB Curl,https://www.youtube.com/watch?v=FfDw7XzLwGc
Band Supported Pull Up,https://www.youtube.com/watch?v=H_-GtIDNNsk
Band Supported Chin Up,https://www.youtube.com/watch?v=VBbuYSEvwos
SSB Supported Reverse Lunge,https://www.youtube.com/watch?v=6A09z2Jv63o
L-Sit,https://www.youtube.com/watch?v=MUpd2nUjDog
Skater Jump to Box Jump,https://www.youtube.com/watch?v=pKylDPcebEE
Bench Supported Shoulder Lift Offs,https://www.youtube.com/watch?v=56_03Vbuqoc
Medicine Ball T-Spine CAR,https://www.youtube.com/watch?v=4Wcnoahu79g
Seated Broad Jump,https://www.youtube.com/watch?v=dW3nVjzozkg
Front Foot Elevated Split Squat Hold,https://www.youtube.com/watch?v=NsbGSLJKpTQ
Weighted Front Foot Elevated Split Squat Hold,https://www.youtube.com/watch?v=AZwDiOwp49g
Quad Foam Roll,https://www.youtube.com/watch?v=TFSWZu7bpgg
TRX Bridges,https://www.youtube.com/watch?v=TzoOmNDtngk
Cable Shoulder Rolls,https://www.youtube.com/watch?v=4AKe2Xz3Ji0
Three Way Ab Roller,https://www.youtube.com/watch?v=2egjo3Zbii4
Windmill Stretch with Foam Roller,https://www.youtube.com/watch?v=wUc-V64oSnE
Sled Walk,https://www.youtube.com/watch?v=21Jy4mXJVc0
Sled Walk,https://www.youtube.com/watch?v=0bEBMxXRvpg
Sled Sprints,https://www.youtube.com/watch?v=13msPgWZ0r8
Backwards Sled Walk,https://www.youtube.com/watch?v=HEzFW71WcOI
Y Sled Walk,https://www.youtube.com/watch?v=nlr1QS4K-cI
Y Backwards Sled Walk,https://www.youtube.com/watch?v=KMud7CTTgWU
OH Pull Sled Walks,https://www.youtube.com/watch?v=M0CHCdXBqeQ
Y Pull Backwards Sled Walk,https://www.youtube.com/watch?v=Wwo2N60NNBM
Weight Push Sled Walk,https://www.youtube.com/watch?v=TomJd3yhIVU
T Hold Backwards Sled Walk,https://www.youtube.com/watch?v=HgkQ7bRhzRs
Between Leg Sled Walk,https://www.youtube.com/watch?v=fBinDzsYTMQ
Medicine Ball Hold Sled Walk,https://www.youtube.com/watch?v=NcpyBJquXZU
KB Waiter Walk Sled Walk,https://www.youtube.com/watch?v=Fn4yfjiX1CU
Side Lying ER IR Shoulder Rotations,https://www.youtube.com/watch?v=QYNlhXEI8l0
Side Lying ER IR Shoulder Rotations,https://www.youtube.com/watch?v=QYNlhXEI8l0
DB Step Into Box Jumps,https://www.youtube.com/watch?v=USUCiMuUPtQ
Belt Squat,https://www.youtube.com/watch?v=lB6uYvlRaVs
Belt Squat Marches,https://www.youtube.com/watch?v=Tr-RfqI9qsk
Bench Supported DB Row,https://www.youtube.com/watch?v=acz2232xq-U
Bench Supported SA DB Row,https://www.youtube.com/watch?v=iL4eIoogYvc
DB Step Ups,https://www.youtube.com/watch?v=KExxTPKs0v4
Bow Bar Box Squat,https://www.youtube.com/watch?v=vu-KJqB1kT8
Bow Bar Sumo Box Squat,https://www.youtube.com/watch?v=pfIILpjKhgc
Bow Bar Good Morning,https://www.youtube.com/watch?v=ia78QfRqFeE
BB Squat,https://www.youtube.com/watch?v=jW1CPvulxhU
Side Lying Crunches,https://www.youtube.com/watch?v=vY9XzBlNPGo
SA DB Bench Press,https://www.youtube.com/watch?v=hHs_qMPfkaU
Hurdle Jump to Vert Jumpt,https://www.youtube.com/watch?v=FBeABfFrMOE
Elevated Yoga Push Up,https://www.youtube.com/watch?v=qBnftxCj6c8
SL Linear Bound,https://www.youtube.com/watch?v=uv9-CUIDv1E
Step Back Medicine Ball Throw,https://www.youtube.com/watch?v=Y-w8KNLsJWA
Cossack Squat,https://www.youtube.com/watch?v=mN9nb-iwFvE
Kneeling OH Medicine Ball Throw,https://www.youtube.com/watch?v=EWMjfSxBn-o
Rapid Skater Jumps,https://www.youtube.com/watch?v=eo_KjY7JdlY
Skater Jumps,https://www.youtube.com/watch?v=FClFewZHCVU
Box Toe Taps,https://www.youtube.com/watch?v=7JKA_EaFFAw
TRX Inverted Elevated Row,https://www.youtube.com/watch?v=E8fZLrjaKfY
Kneeling SA Landmine Tosses,https://www.youtube.com/watch?v=l1wnZVH107Q
DB Broad Jump,https://www.youtube.com/watch?v=tHkkzoZFd38
Seated DB Broad Jump,https://www.youtube.com/watch?v=ElTUzxE4LMA
Standing Banded SL Hamstring Curl,https://www.youtube.com/watch?v=kfFshoDLs2o
A Skips,https://www.youtube.com/watch?v=dQdQyvzK9fA
Side Lying Windmills,https://www.youtube.com/watch?v=9SZ7Clk6eOo
Forward Lunge Leans,https://www.youtube.com/watch?v=mTmwA5MQX5g
Lateral Lunge Slides,https://www.youtube.com/watch?v=6sKOAgQ6EYY
KB Squats,https://www.youtube.com/watch?v=UanKNRvFoJY
Inch Worms,https://www.youtube.com/watch?v=ktQHi5Uwt90
Side Lying Shoulder Impulses with Plyo Ball,https://www.youtube.com/watch?v=mVeQ_In43Ts
Side Lying Shoulder Impulses with Plyo Ball,https://www.youtube.com/watch?v=mVeQ_In43Ts
Banded Shoulder Flys,https://www.youtube.com/watch?v=vCiFm6gbpcQ
Banded Shoulder Flys,https://www.youtube.com/watch?v=vCiFm6gbpcQ
Banded Sumo Pull Throughs,https://www.youtube.com/watch?v=NUJ_IR9SQt8
Banded Sumo Pull Throughs,https://www.youtube.com/watch?v=NUJ_IR9SQt8
Banded RFESS,https://www.youtube.com/watch?v=GJG6L57rU2I
Banded RFESS,https://www.youtube.com/watch?v=GJG6L57rU2I
SA Banded Cross Overs,https://www.youtube.com/watch?v=laiYHqKcOEo
SA Banded Pulls,https://www.youtube.com/watch?v=9ckw-tczBOI
Prone Banded Hamstring Curl,https://www.youtube.com/watch?v=Wxduvzpm_wA
Kneeling Lean Backs,https://www.youtube.com/watch?v=msn5rDFk3_U
Kneeling Sit Backs,https://www.youtube.com/watch?v=eMOziLcs684
Kneeling Push Up Falls,https://www.youtube.com/watch?v=GVS2Lu94Zto
DB Elevated Forward Lunge Leans,https://www.youtube.com/watch?v=_swMDnP5a-Q
DB SL RDL,https://www.youtube.com/watch?v=0boQhHz89v8
Banded RDL,https://www.youtube.com/watch?v=qI9dCyygifg
T-Spine Mobs,https://www.youtube.com/watch?v=7dDgyVFlwdU
Lying OH DB Pullover,https://www.youtube.com/watch?v=pZBRqgzETYg
Frog Walkouts,https://www.youtube.com/watch?v=_XbN8Sqxde8
Inverted BB Row,https://www.youtube.com/watch?v=tX4m7aPc9os
Elevated SL Squat,https://www.youtube.com/watch?v=EuUl_YOxMPE
Leg Raises,https://www.youtube.com/watch?v=JqSZtj44_R0
Prone Scorpion,https://www.youtube.com/watch?v=L7JO2vZ3Xt0
Prone Scorpion,https://www.youtube.com/watch?v=L7JO2vZ3Xt0
Banded Bent Over DB Rows,https://www.youtube.com/watch?v=Cvw6A5tWlLs
DB Reverse Lunge,https://www.youtube.com/watch?v=WpPDPqCSZoI
Glute Bridge Slides,https://www.youtube.com/watch?v=wviGNxKU-ZI
Copenhagen Plank,https://www.youtube.com/watch?v=dp8Lk15Wix0
Cervical Stretch,https://www.youtube.com/watch?v=PJWuAwG_8mI
"Double Up Roller Hamstrings, Quads, Calfs",https://www.youtube.com/watch?v=Ok7eYVl15l8
SA Cable Rows,https://www.youtube.com/watch?v=vvU0YrO7hXM
Hanging Medicine Ball Tucks,https://www.youtube.com/watch?v=qRy0k5SmaMI
Cable Curls,https://www.youtube.com/watch?v=2p_XaFXEmMY
Seated Hip Internal Rotations,https://www.youtube.com/watch?v=xTedoyAxOps
ENG Hip External Rotations,https://www.youtube.com/watch?v=27NZ79rNFco
Glute/Hamstring Foam Roll,https://www.youtube.com/watch?v=G17-IIa9Vfo
"Rollflex Biceps, Triceps, Forearms",https://www.youtube.com/watch?v=1_43HZxb1JI
SA KB Press,https://www.youtube.com/watch?v=UevQj2p1dls
Kneeling SA KB Press,https://www.youtube.com/watch?v=UDIuMnCQ05c
Banded Lying Down Hamstring Stretch,https://www.youtube.com/watch?v=dsf5QihcON4
SL KB RDL,https://www.youtube.com/watch?v=dX7sNZqHj3o
Banded SL KB RDL,https://www.youtube.com/watch?v=qK58L7ft-lk
Landmine SL RDL,https://www.youtube.com/watch?v=GVquxc01xUU
90/90,https://www.youtube.com/watch?v=_6mlsxqBvJ4
Medicine Ball Suitcases,https://www.youtube.com/watch?v=TPIAvPrWyhA
Ankle Weighted Seated Internal Hip Rotations,https://www.youtube.com/watch?v=Y8Y8g642Xsk
SA Bent Over DB Row,https://www.youtube.com/watch?v=QHn8FswAa3w
Bent Over DB Row,https://www.youtube.com/watch?v=C74h20RRuaw
Kneeling Hip CAR,https://www.youtube.com/watch?v=7yiOnI8EPqg
SA Cable Tricep Pushdown,https://www.youtube.com/watch?v=Yu5oL17nb4s
Cable Face-pulls,https://www.youtube.com/watch?v=KIAvSlmcYY4
SL Hamstring Curl,https://www.youtube.com/watch?v=RTzXIh9FGeU
Bike,https://www.youtube.com/watch?v=pZdGXKCcWTA
Leg Curl,https://www.youtube.com/watch?v=p6p9tn_z8xs
Leg Extension,https://www.youtube.com/watch?v=M2zdNOS6dU4
Side Lying Hip CAR,https://www.youtube.com/watch?v=jwDNwBgI86U
KB Bird Dog Row,https://www.youtube.com/watch?v=7p_I8XVu4Zk
Arm Circles Forward and Back,https://www.youtube.com/watch?v=dOCYRNvv4Q8
Cross Body Shoulder Stretch,https://www.youtube.com/watch?v=LQNE8YrPttU
Quad Stretch,https://www.youtube.com/watch?v=yJm3laGBvQs
OH Shoulder Stretch,https://www.youtube.com/watch?v=xV3N51nstcU
Knee Pull,https://www.youtube.com/watch?v=PPpuIGNpLfE
Standing Spine CAR,https://www.youtube.com/watch?v=KdULSg8iS8s
Push Up Plank,https://www.youtube.com/watch?v=xlcM4qbrMT0
Weighted OH Side Bends,https://www.youtube.com/watch?v=gRnF2nm52tQ
Walking Leg Swings,https://www.youtube.com/watch?v=YjABGCVJ3xs
Plank Slides,https://www.youtube.com/watch?v=mbr-zl-w31s
SA Plank Slides,https://www.youtube.com/watch?v=sDXICrkGXSM
Bench Lift Offs,https://www.youtube.com/watch?v=iSagGNsCQMs
DB Shoulder Shrugs,https://www.youtube.com/watch?v=orx4_8WN5jY
DB Calf Raises,https://www.youtube.com/watch?v=1rczXb9XK0o
Shoulder Taps,https://www.youtube.com/watch?v=kwXX1uAnwRw
Banded Face Pulls,https://www.youtube.com/watch?v=gAJbB0i-iL8
SL Elevated Glute Bridges,https://www.youtube.com/watch?v=ei593QBtVvA
SA  DB Kick Backs,https://www.youtube.com/watch?v=ki0l54fZnpc
DB Side Bulgarian Split Squat,https://www.youtube.com/watch?v=_HZ2Hu-AmMg
DB Bulgarian Split Squat,https://www.youtube.com/watch?v=qhgRFkbfCDw
KB Bulgarian Split Squat,https://www.youtube.com/watch?v=0mnb3BqVn1Y
Medicine Ball Push Ups,https://www.youtube.com/watch?v=_MMiLU6R3xA
SA Medicine Ball Push Ups,https://www.youtube.com/watch?v=fetu_xA2Q4w
Medicine Ball On Offs,https://www.youtube.com/watch?v=YnbSJQ6AI7s
Standing Hip CAR,https://www.youtube.com/watch?v=J-6TMrUwgYc
Banded Tricep Pull Downs,https://www.youtube.com/watch?v=YKzifuFNCD0
Trap Bar Deadlift,https://www.youtube.com/watch?v=vadl7QJ7FJM
Split Stance Trap Bar Deadlift,https://www.youtube.com/watch?v=4H_8_cxcIPI
Trap Bar Deadlift Jumps,https://www.youtube.com/watch?v=o2XoOfcuQWM
DB Bent Over Pec Flys,https://www.youtube.com/watch?v=ZD9dPI2bsOI
Banded T-Spine Rotations,https://www.youtube.com/watch?v=47-uA7_O9F8
DB Bird Dog Row,https://www.youtube.com/watch?v=9JuYCPd-q6c
BB Seal Row,https://www.youtube.com/watch?v=12y8LwIpGoo
Off Set KB Walks,https://www.youtube.com/watch?v=J0jb03wk9rw
Banded 3 Way Wall Slides,https://www.youtube.com/watch?v=ixyCQFwKG_U
Banded Push Up,https://www.youtube.com/watch?v=EIi2Wf1Yqs4
Banded Lateral Plank Walk,https://www.youtube.com/watch?v=Dgi-R7DuG9Q
Banded Standing SL High Knee,https://www.youtube.com/watch?v=Gv1bKDfdkLM
Lateral Leg Swing,https://www.youtube.com/watch?v=0Znd1GPvOVg
Hip Circles Forward and Backwards,https://www.youtube.com/watch?v=YT5KXomKflY
Standing SA Landmine Press,https://www.youtube.com/watch?v=nGc2Mfh0oDw
Lateral Landmine Lunge,https://www.youtube.com/watch?v=I27AR3Xn6js
Banded Kneeling SA Landmine Press,https://www.youtube.com/watch?v=5vPuPQx8FFw
SA DB Farmer Walk,https://www.youtube.com/watch?v=5w5wtmu4Zq8
Lateral Lunge,https://www.youtube.com/watch?v=w6C-U9OrCrQ
Forward Lunge Walk,https://www.youtube.com/watch?v=0oei_8gXFl0
Bear Crawl,https://www.youtube.com/watch?v=CwGwvHjnDiI
Depth Drop,https://www.youtube.com/watch?v=2Z9hiz6gCIg
Wall High Knee,https://www.youtube.com/watch?v=yGadlk5ef5M
Standing Landmine Rotations,https://www.youtube.com/watch?v=bKVdVi1Ci9E
Kneeling SA Landmine Press,https://www.youtube.com/watch?v=Ep5ex0vDVC0
Cable Pull with Rotation,https://www.youtube.com/watch?v=_8DDGZRSlTY
Cable Shoulder Side Raises,https://www.youtube.com/watch?v=2EJ9CkMxE8g
Cable Tricep Pushdown,https://www.youtube.com/watch?v=PxAxnWiOl-g
Lateral Deviation Club Swings,https://www.youtube.com/watch?v=-WwIiw5qOJg
Lateral Deviation Club Swings,https://www.youtube.com/watch?v=-WwIiw5qOJg
90/90 ER IR Club Swings,https://www.youtube.com/watch?v=S3nMIUwltRc
90/90 ER IR Club Swings,https://www.youtube.com/watch?v=S3nMIUwltRc
T Spine Med Ball Throws From Exercise Ball,https://www.youtube.com/watch?v=XucN_D5r830
Medicine Ball Slams,https://www.youtube.com/watch?v=ywXIzVyJQJ4
OH SA Medicine Ball Dribbles,https://www.youtube.com/watch?v=hkUg2PYdwxk
OH Medicine Ball Dribbles,https://www.youtube.com/watch?v=ZePdAfVyGps
Side Medicine Ball Toss,https://www.youtube.com/watch?v=C3IrgFawhRg
PVC T Spine Rotations,https://www.youtube.com/watch?v=4bPnIdRQMt0
Body Blade 2 Way Series,https://www.youtube.com/watch?v=inbAFOyFnZ0
PVC/Dowel Squat,https://www.youtube.com/watch?v=of0vmx7apfg
PVC Shoulder Rolls,https://www.youtube.com/watch?v=-EKqmfTI4IQ
Step Back Throws,https://www.youtube.com/watch?v=jVmTP5fkCc0
Step Back Turn Throws,https://www.youtube.com/watch?v=LJJNnZ2NyZQ
Rocker Throws,https://www.youtube.com/watch?v=cJvL5Uq5eyk
Step Into Throws,https://www.youtube.com/watch?v=aC-XjQa3YpQ
Prone Shoulder CARS,https://www.youtube.com/watch?v=PSBuRCxqmrc
Prone Shoulder CARS,https://www.youtube.com/watch?v=PSBuRCxqmrc
Tramp Throws,https://www.youtube.com/watch?v=a5HmblwjX4Y
Y Wall Slides To Lift Off,https://www.youtube.com/watch?v=62kr6q5WACU
Y Wall Slides To Lift Off,https://www.youtube.com/watch?v=62kr6q5WACU
PVC Pipe Standing T Spine Rotations,https://www.youtube.com/watch?v=kgVWQ3hRkO8
PVC Pipe Standing T Spine Rotations,https://www.youtube.com/watch?v=kgVWQ3hRkO8
Wrist Roller,https://www.youtube.com/watch?v=01sQ5ft40qo
Forearm Rice Bucket,https://www.youtube.com/watch?v=r1J6S6ovhwA
Plate Steering Wheel,https://www.youtube.com/watch?v=y5e8U4OyziU
Reverse Hyper,https://www.youtube.com/watch?v=jDvpy4D_32M
Banded OH Shoulder Press,https://www.youtube.com/watch?v=0zc-IfZUy74
SA KB Waiter Walk with Rotation,https://www.youtube.com/watch?v=5383WpfnE4w
SA KB Waiter Walk,https://www.youtube.com/watch?v=tTdSceeI3Y0
Step Into Side Arm Throws,https://www.youtube.com/watch?v=2P2PQkuGyt0
Step Into Sub Arm Throws,https://www.youtube.com/watch?v=shU1FHB5BGc
Football Toss,https://www.youtube.com/watch?v=DaK5MUhtDpg
Pivot Picks,https://www.youtube.com/watch?v=BOTCFTL2IEI
Reverse Throws,https://www.youtube.com/watch?v=byqFGgQ6Z2c
Step Into Throws,https://www.youtube.com/watch?v=Bq7VEo2d6Wc
Wide Push Up,https://www.youtube.com/watch?v=OHdlYdKjfGE
Push Up,https://www.youtube.com/watch?v=6IjDFL2BdKs
DB Side Bend,https://www.youtube.com/watch?v=zeYcJfyHcII
SSB Reverse Lunge,https://www.youtube.com/watch?v=2lS_OJyOEqM
SSB Assisted Reverse Lunge,https://www.youtube.com/watch?v=WQpx4jqftC0
SSB Box Squat,https://www.youtube.com/watch?v=efgDoPBsTtg
SSB Sumo Box Squat,https://www.youtube.com/watch?v=UvN1sAt6NnQ
Nordic Hamstring Curl,https://www.youtube.com/watch?v=BEmD-Uhcz8c
Tibialis Curl,https://www.youtube.com/watch?v=L7Rg6nXSsxE
TRX Push Up,https://www.youtube.com/watch?v=LC1ft-_JmeY
TRX T Pulls,https://www.youtube.com/watch?v=WEGEv78g5eY
Pails/Rails,https://www.youtube.com/watch?v=ryKSc3QFXJo
Weighted Shoulder CAR,https://www.youtube.com/watch?v=8xETLa6DofA
Hanging Straight Leg Raises,https://www.youtube.com/watch?v=Za1DUWepySM
Hanging Straight Leg Raises,https://www.youtube.com/watch?v=Za1DUWepySM
Hanging Knee Tucks,https://www.youtube.com/watch?v=HD0NyTJOMcw
Hanging Knee Tucks,https://www.youtube.com/watch?v=HD0NyTJOMcw
Chin Up,https://www.youtube.com/watch?v=PiUUPq3mRvQ
Chin Up,https://www.youtube.com/watch?v=PiUUPq3mRvQ
Pull Up,https://www.youtube.com/watch?v=Be9ifIlwLWU
Pull Up,https://www.youtube.com/watch?v=Be9ifIlwLWU
Rebounds In Place,https://www.youtube.com/watch?v=-_urMsYUUxc
Rebounds In Place,https://www.youtube.com/watch?v=-_urMsYUUxc
Repetitive Broad Jump,https://www.youtube.com/watch?v=4-2qfRsdrOg
Repetitive Broad Jump,https://www.youtube.com/watch?v=4-2qfRsdrOg
Single Leg Hops,https://www.youtube.com/watch?v=afPTCjMfbbI
Single Leg Hops,https://www.youtube.com/watch?v=afPTCjMfbbI
Pogo Hops,https://www.youtube.com/watch?v=GRqsvbtTXSg
Pogo Hops,https://www.youtube.com/watch?v=GRqsvbtTXSg
Barbell Calf Raises,https://www.youtube.com/watch?v=ZJCbBUSr5mk
Barbell Calf Raises,https://www.youtube.com/watch?v=ZJCbBUSr5mk
KB RDL,https://www.youtube.com/watch?v=mv9aYirEYQI
KB RDL,https://www.youtube.com/watch?v=mv9aYirEYQI
DB RDL,https://www.youtube.com/watch?v=iGiH7rOYLhM
DB RDL,https://www.youtube.com/watch?v=iGiH7rOYLhM
Sumo Deadlift,https://www.youtube.com/watch?v=3t1-PmGjfNQ
Sumo Deadlift,https://www.youtube.com/watch?v=3t1-PmGjfNQ
Conventional Deadlift,https://www.youtube.com/watch?v=ROw61NrL-YI
Conventional Deadlift,https://www.youtube.com/watch?v=ROw61NrL-YI
Barbell Rows,https://www.youtube.com/watch?v=VruOUqnu-_I
Barbell Rows,https://www.youtube.com/watch?v=VruOUqnu-_I
Barbell RDL,https://www.youtube.com/watch?v=19BGKeWnBpk
Barbell RDL,https://www.youtube.com/watch?v=19BGKeWnBpk
Bow Bar Bench Press,https://www.youtube.com/watch?v=F55FhR_zTDk
Bow Bar Bench Press,https://www.youtube.com/watch?v=F55FhR_zTDk
Multi Grip Bench Press,https://www.youtube.com/watch?v=l_Riw2NovEk
Multi Grip Bench Press,https://www.youtube.com/watch?v=l_Riw2NovEk
Straight Bar Bench Press,https://www.youtube.com/watch?v=zUED7pI1Cmw
Straight Bar Bench Press,https://www.youtube.com/watch?v=zUED7pI1Cmw
Tall Kneeling MB Throw,https://www.youtube.com/watch?v=vmKoSZm2X4I
Tall Kneeling MB Throw,https://www.youtube.com/watch?v=vmKoSZm2X4I
Single Leg Lateral Squat,https://www.youtube.com/watch?v=pErj1JybRXk
Single Leg Lateral Squat,https://www.youtube.com/watch?v=pErj1JybRXk
Thread The Needle,https://www.youtube.com/watch?v=A9vk9uKQW8g
Thread The Needle,https://www.youtube.com/watch?v=A9vk9uKQW8g
Tall Kneeling To Broad Jump,https://www.youtube.com/watch?v=ick4YFW6n-s
Tall Kneeling To Broad Jump,https://www.youtube.com/watch?v=ick4YFW6n-s
Tall Kneeling To Broad Jump,https://www.youtube.com/watch?v=yTQjBpD776E
Tall Kneeling To Broad Jump,https://www.youtube.com/watch?v=yTQjBpD776E
Tall Kneeling To Box Jump,https://www.youtube.com/watch?v=X5A1D6rMX-w
Tall Kneeling To Box Jump,https://www.youtube.com/watch?v=X5A1D6rMX-w
45% Box Jump,https://www.youtube.com/watch?v=EVaKeSztA6A
45% Box Jump,https://www.youtube.com/watch?v=EVaKeSztA6A
Box Jumps,https://www.youtube.com/watch?v=bzZ3EgZHSJI
Box Jumps,https://www.youtube.com/watch?v=bzZ3EgZHSJI
Single Leg Lateral Box Jumps,https://www.youtube.com/watch?v=rFsQR2zVbKI
Single Leg Lateral Box Jumps,https://www.youtube.com/watch?v=rFsQR2zVbKI
Elevated Shoulder Plank Rebounds,https://www.youtube.com/watch?v=_QwKc3a5FgI
Elevated Shoulder Plank Rebounds,https://www.youtube.com/watch?v=_QwKc3a5FgI
Single Leg Box Jump,https://www.youtube.com/watch?v=B_18GKuVs0k
Single Leg Box Jump,https://www.youtube.com/watch?v=B_18GKuVs0k
Approach Box Jumps,https://www.youtube.com/watch?v=3AMmvd0UOBM
Approach Box Jumps,https://www.youtube.com/watch?v=3AMmvd0UOBM
Single Leg Lateral Hurdle Hops,https://www.youtube.com/watch?v=oXnZq0SiW6o
Single Leg Lateral Hurdle Hops,https://www.youtube.com/watch?v=oXnZq0SiW6o
Shoulder Touches,https://www.youtube.com/watch?v=VPEt_3OrTPo
Shoulder Touches,https://www.youtube.com/watch?v=VPEt_3OrTPo
Shoulder Plank,https://www.youtube.com/watch?v=BSvuY8u2Pvw
Shoulder Plank,https://www.youtube.com/watch?v=BSvuY8u2Pvw
Side Plank,https://www.youtube.com/watch?v=WjcZhsb0a6M
Side Plank,https://www.youtube.com/watch?v=WjcZhsb0a6M
Plank,https://www.youtube.com/watch?v=62hp4623Cq0
Plank,https://www.youtube.com/watch?v=62hp4623Cq0
Ab Wheel,https://www.youtube.com/watch?v=OrZDosQVS9E
Ab Wheel,https://www.youtube.com/watch?v=OrZDosQVS9E
Roll-In Club Swings,https://www.youtube.com/watch?v=f5rxOSJ7MfE
Roll-In Club Swings,https://www.youtube.com/watch?v=f5rxOSJ7MfE
Banded Bicep Curls,https://www.youtube.com/watch?v=YcojJvP99qk
Yoga Push Up,https://www.youtube.com/watch?v=cFyn_zWZJBU
Bench Dips,https://www.youtube.com/watch?v=Ym3WUFeDkGo
Banded DB Bench Press,https://www.youtube.com/watch?v=6QF6GzI-_mc
Diamond Push Up,https://www.youtube.com/watch?v=flueznWIU_o
Medicine Ball Russian Twists,https://www.youtube.com/watch?v=5PbRTv2AdKw
Banded Pec Flys,https://www.youtube.com/watch?v=hZdVesAuHHs
Hanging Flexion To Extension,https://www.youtube.com/watch?v=rarXJRoS-8M
Hanging Flexion To Extension,https://www.youtube.com/watch?v=rarXJRoS-8M
Seated DB Hammer Curls,https://www.youtube.com/watch?v=g1MPGaVoiU4
Seated DB Shoulder Press,https://www.youtube.com/watch?v=yNgGE8rH0pA
DB OH Tricep Extension,https://www.youtube.com/watch?v=FZivby4swq4
DB Bench Y's,https://www.youtube.com/watch?v=6DQGaRSmW-Q
DB Bench T's,https://www.youtube.com/watch?v=n-cBnTMuqiY
Incline DB Bench Press,https://www.youtube.com/watch?v=AOktha2jCuw
DB Bench Press,https://www.youtube.com/watch?v=vtU7w_hyMa4
SA DB Row,https://www.youtube.com/watch?v=NUSVbpODY3k
SA KB Row,https://www.youtube.com/watch?v=7bi1JXjaolA
DB KB Bench Press,https://www.youtube.com/watch?v=kqvr19FNuVo
Suitcases,https://www.youtube.com/watch?v=-FV6-vaYfm8
Side Lying Oblique Crunch,https://www.youtube.com/watch?v=3wwL-OBpLQE
Side Lying Oblique Crunch,https://www.youtube.com/watch?v=3wwL-OBpLQE
DB I's,https://www.youtube.com/watch?v=jbT_JWOCZcI
DB Y's,https://www.youtube.com/watch?v=73HzIMXrbYI
DB Later Shoulder Raise,https://www.youtube.com/watch?v=0Q8gB5UQwCY
DB Curl,https://www.youtube.com/watch?v=Q2qR-dXx2r8
DB Reverse Curl,https://www.youtube.com/watch?v=-1uW1Gt-Lcs
Lateral Quick Jumps,https://www.youtube.com/watch?v=bUl6wWxsQu4
Quadruped Shoulder CARS,https://www.youtube.com/watch?v=g18n6Hmp7YY
Bent Over Low Cable Pull,https://www.youtube.com/watch?v=7C0vbCRF8xg
Cable Machine Shoulder ER,https://www.youtube.com/watch?v=0GnWYYy44Vs
Seated DB Shoulder IR,https://www.youtube.com/watch?v=viYiTrVS41M
SL Lateral Jump With Turn,https://www.youtube.com/watch?v=N0VjQSB9P4Y
T Spine Flexion Extension From Bench,https://www.youtube.com/watch?v=k2TTn5h6ORM
Standing DB OH Press With Turn,https://www.youtube.com/watch?v=Kwvazc2eHOU
Seated OH DB Press With Turn,https://www.youtube.com/watch?v=B5DH6_5O8ik
Side Lying DB Shoulder ER,https://www.youtube.com/watch?v=STBD8roCT5I
Rack Monsters,https://www.youtube.com/watch?v=ZRU54RTShNw
Single Leg Hip Swings,https://www.youtube.com/watch?v=OGGR4LV3UNs
"Single Leg Ankle Flexion, Extension & CARS",https://www.youtube.com/watch?v=4IQ5aGXzYeM
Single Leg Box Squat With DB Raises,https://www.youtube.com/watch?v=yX8Plg7hR0Q
Chest Supported High Cable SA Row,https://www.youtube.com/watch?v=I3Ew1IThyV0
Low Cable Pull,https://www.youtube.com/watch?v=lvD3ebJr5m0
High Cable Pull,https://www.youtube.com/watch?v=3694cgLt5aI
DB Tricep Extensions,https://www.youtube.com/watch?v=3yBziKffkUI
Lying Med Ball Press,https://www.youtube.com/watch?v=2wFMMBNeeyY
Resistance Band Overhead Reach,https://www.youtube.com/watch?v=PHzktqlK9-0
DB I's,https://www.youtube.com/watch?v=SqB0w_g1xaI
